
-- phpMyAdmin SQL Dump
-- version 3.5.2.2
-- http://www.phpmyadmin.net
--
-- Client: localhost
-- Généré le: Lun 13 Juin 2016 à 11:06
-- Version du serveur: 10.0.20-MariaDB-log
-- Version de PHP: 5.2.17

SET SQL_MODE="NO_AUTO_VALUE_ON_ZERO";
SET time_zone = "+00:00";


/*!40101 SET @OLD_CHARACTER_SET_CLIENT=@@CHARACTER_SET_CLIENT */;
/*!40101 SET @OLD_CHARACTER_SET_RESULTS=@@CHARACTER_SET_RESULTS */;
/*!40101 SET @OLD_COLLATION_CONNECTION=@@COLLATION_CONNECTION */;
/*!40101 SET NAMES utf8 */;

--
-- Base de données: `u228826277_nw2`
--

-- --------------------------------------------------------

--
-- Structure de la table `category`
--

CREATE TABLE IF NOT EXISTS `category` (
  `id` int(11) NOT NULL AUTO_INCREMENT,
  `libelle` varchar(255) NOT NULL,
  `shelf` int(11) NOT NULL,
  `picture` varchar(255) DEFAULT NULL,
  PRIMARY KEY (`id`),
  KEY `fk_shelf_id` (`shelf`)
) ENGINE=MyISAM  DEFAULT CHARSET=latin1 AUTO_INCREMENT=15 ;

--
-- Contenu de la table `category`
--

INSERT INTO `category` (`id`, `libelle`, `shelf`, `picture`) VALUES
(1, 'Salade', 1, 'images/category/1.png'),
(2, 'Pomme', 2, 'images/category/2.png'),
(3, 'Boeuf', 3, 'images/category/3.png'),
(4, 'Saumon', 4, 'images/category/4.png'),
(5, 'Poisson pané', 4, 'images/category/5.png'),
(6, 'Crème', 6, 'images/category/6.png'),
(7, 'Beurre', 6, 'images/category/7.png'),
(8, 'Oeuf', 6, 'images/category/8.png'),
(9, 'Porc', 3, 'images/category/9.png'),
(10, 'Veau', 3, 'images/category/10.png'),
(11, 'Agneau', 3, 'images/category/11.png'),
(12, 'Fromage de vache', 7, 'images/category/12.png'),
(13, 'Fromage de brebis', 7, 'images/category/13.png'),
(14, 'Jambon', 3, 'images/category/14.png');

-- --------------------------------------------------------

--
-- Structure de la table `distributor`
--

CREATE TABLE IF NOT EXISTS `distributor` (
  `id` int(11) NOT NULL AUTO_INCREMENT,
  `firstname` varchar(255) DEFAULT NULL,
  `lastname` varchar(255) DEFAULT NULL,
  `email` varchar(255) DEFAULT NULL,
  `libelle` varchar(255) DEFAULT NULL,
  `activity` int(11) DEFAULT NULL,
  `phone` varchar(255) DEFAULT NULL,
  `address` varchar(255) DEFAULT NULL,
  `address2` varchar(255) DEFAULT NULL,
  `postalcode` varchar(255) DEFAULT NULL,
  `city` varchar(255) DEFAULT NULL,
  `idUser` int(11) NOT NULL,
  PRIMARY KEY (`id`),
  KEY `fk_user_id` (`idUser`)
) ENGINE=MyISAM  DEFAULT CHARSET=latin1 AUTO_INCREMENT=3 ;

--
-- Contenu de la table `distributor`
--

INSERT INTO `distributor` (`id`, `firstname`, `lastname`, `email`, `libelle`, `activity`, `phone`, `address`, `address2`, `postalcode`, `city`, `idUser`) VALUES
(1, 'Julien', 'GARNIER', 'juliengarnier94@hotmail.fr', 'SUPER U', 0, '0637682739', 'Rue Raoul Servant', '', '69007', 'Lyon', 6),
(2, 'Alexia', 'FONTRAILLE', 'afontraille@gmail.com', 'aaa', 0, '0665063363', '1 rue du content', '', '05000', 'Gap', 6);

-- --------------------------------------------------------

--
-- Structure de la table `lot`
--

CREATE TABLE IF NOT EXISTS `lot` (
  `id` int(11) NOT NULL AUTO_INCREMENT,
  `userId` int(11) NOT NULL,
  `product` int(11) NOT NULL,
  `quantity` int(11) NOT NULL,
  `harvestDate` date NOT NULL,
  `daysPreserve` int(11) NOT NULL,
  `productionMode` int(11) NOT NULL,
  `price` float(10,2) NOT NULL,
  `pointOfSale` int(11) NOT NULL,
  PRIMARY KEY (`id`),
  KEY `fk_product_id` (`product`),
  KEY `productionMode` (`productionMode`),
  KEY `fk_userId_id` (`userId`),
  KEY `fk_pointOfSale_id` (`pointOfSale`)
) ENGINE=MyISAM  DEFAULT CHARSET=latin1 AUTO_INCREMENT=7 ;

--
-- Contenu de la table `lot`
--

INSERT INTO `lot` (`id`, `userId`, `product`, `quantity`, `harvestDate`, `daysPreserve`, `productionMode`, `price`, `pointOfSale`) VALUES
(1, 6, 2, 2, '0000-00-00', 2, 1, 3.58, 1),
(2, 6, 3, 2, '2016-05-05', 3, 1, 2.00, 1),
(3, 7, 10, 3, '2016-05-05', 4, 2, 0.84, 1),
(4, 6, 13, 6, '2016-06-22', 6, 2, 2.12, 1),
(5, 7, 5, 5, '2016-06-14', 5, 1, 3.09, 1),
(6, 7, 10, 4, '2016-06-15', 6, 2, 2.52, 1);

-- --------------------------------------------------------

--
-- Structure de la table `order`
--

CREATE TABLE IF NOT EXISTS `order` (
  `id` int(11) NOT NULL AUTO_INCREMENT,
  `quantity` int(11) DEFAULT NULL,
  `price` decimal(10,2) DEFAULT NULL,
  `userId` int(11) DEFAULT NULL,
  `date` datetime DEFAULT NULL,
  PRIMARY KEY (`id`),
  KEY `quantity` (`quantity`),
  KEY `order_ibfk_1` (`userId`)
) ENGINE=MyISAM  DEFAULT CHARSET=utf8 AUTO_INCREMENT=17 ;

--
-- Contenu de la table `order`
--

INSERT INTO `order` (`id`, `quantity`, `price`, `userId`, `date`) VALUES
(6, 7, '20.32', 7, '2016-06-08 00:57:19'),
(7, 6, '12.36', 7, '2016-06-08 00:58:15'),
(8, 0, '0.00', 7, '2016-06-08 01:00:06'),
(9, NULL, NULL, 7, '2016-06-08 01:00:09'),
(10, NULL, NULL, 7, '2016-06-08 01:00:09'),
(11, 0, '0.00', 7, '2016-06-08 01:19:12'),
(12, 11, '24.39', 7, '2016-06-08 08:55:38'),
(13, 0, '0.00', 7, '2016-06-08 08:55:48'),
(14, 4, '12.36', 7, '2016-06-08 08:55:54'),
(15, 6, '12.00', 7, '2016-06-08 09:05:18'),
(16, 6, '16.74', 7, '2016-06-08 23:20:32');

-- --------------------------------------------------------

--
-- Structure de la table `orderproduct`
--

CREATE TABLE IF NOT EXISTS `orderproduct` (
  `id` int(11) NOT NULL AUTO_INCREMENT,
  `orderId` int(11) DEFAULT NULL,
  `productId` int(11) DEFAULT NULL,
  `price` decimal(10,0) DEFAULT NULL,
  `quantity` int(11) DEFAULT NULL,
  PRIMARY KEY (`id`),
  KEY `orderproduct_ibfk_2` (`productId`),
  KEY `orderproduct_ibfk_1` (`orderId`)
) ENGINE=MyISAM  DEFAULT CHARSET=utf8 AUTO_INCREMENT=17 ;

--
-- Contenu de la table `orderproduct`
--

INSERT INTO `orderproduct` (`id`, `orderId`, `productId`, `price`, `quantity`) VALUES
(6, 6, 1, '14', 4),
(7, 6, 2, '6', 3),
(8, 7, 2, '6', 3),
(9, 7, 4, '6', 3),
(10, 12, 6, '13', 5),
(11, 12, 3, '3', 3),
(12, 12, 5, '9', 3),
(13, 14, 5, '12', 4),
(14, 15, 2, '12', 6),
(15, 16, 2, '6', 3),
(16, 16, 1, '11', 3);

-- --------------------------------------------------------

--
-- Structure de la table `product`
--

CREATE TABLE IF NOT EXISTS `product` (
  `id` int(11) NOT NULL AUTO_INCREMENT,
  `category` int(11) NOT NULL,
  `libelle` varchar(255) CHARACTER SET latin1 NOT NULL,
  `picture` varchar(255) DEFAULT NULL,
  PRIMARY KEY (`id`),
  KEY `fk_category_id` (`category`)
) ENGINE=MyISAM  DEFAULT CHARSET=utf8 AUTO_INCREMENT=16 ;

--
-- Contenu de la table `product`
--

INSERT INTO `product` (`id`, `category`, `libelle`, `picture`) VALUES
(1, 1, 'Frisée', 'images/product/1.png'),
(2, 2, 'Golden', 'images/product/2.png'),
(3, 2, 'Reinette', 'images/product/3.png'),
(4, 6, 'Beurre moulé', 'images/product/4.png'),
(5, 6, 'Beurre plaqué demi sel', 'images/product/5.png'),
(6, 6, 'Oeuf frais de poule', 'images/product/6.png'),
(7, 6, 'Oeuf frais très gros', 'images/product/7.png'),
(8, 3, 'Bavette', 'images/product/8.png'),
(9, 3, 'Faux filet', 'images/product/9.png'),
(10, 11, 'Gigot d''agneau', 'images/product/10.png'),
(11, 11, 'Cote d''agneau', 'images/product/11.png'),
(12, 12, 'Emmental', 'images/product/12.png'),
(13, 12, 'Mozzarella', 'images/product/13.png'),
(14, 13, 'Roquefort', 'images/product/14.png'),
(15, 4, 'Pavé de saumon', 'images/product/15.png');

-- --------------------------------------------------------

--
-- Structure de la table `productionmode`
--

CREATE TABLE IF NOT EXISTS `productionmode` (
  `id` int(11) NOT NULL,
  `libelle` varchar(255) NOT NULL,
  PRIMARY KEY (`id`)
) ENGINE=MyISAM DEFAULT CHARSET=utf8;

--
-- Contenu de la table `productionmode`
--

INSERT INTO `productionmode` (`id`, `libelle`) VALUES
(1, 'Bio'),
(2, 'Naturel');

-- --------------------------------------------------------

--
-- Structure de la table `shelf`
--

CREATE TABLE IF NOT EXISTS `shelf` (
  `id` int(11) NOT NULL AUTO_INCREMENT,
  `libelle` varchar(255) NOT NULL,
  `picture` varchar(255) DEFAULT NULL,
  PRIMARY KEY (`id`)
) ENGINE=MyISAM  DEFAULT CHARSET=latin1 AUTO_INCREMENT=8 ;

--
-- Contenu de la table `shelf`
--

INSERT INTO `shelf` (`id`, `libelle`, `picture`) VALUES
(1, 'Légumes', 'images/shelf/1.png'),
(2, 'Fruits', 'images/shelf/2.png'),
(3, 'Viandes', 'images/shelf/3.png'),
(4, 'Poissons', 'images/shelf/4.png'),
(5, 'Lait', 'images/shelf/5.png'),
(6, 'Crémerie', 'images/shelf/6.png'),
(7, 'Fromages', 'images/shelf/7.png');

-- --------------------------------------------------------

--
-- Structure de la table `users`
--

CREATE TABLE IF NOT EXISTS `users` (
  `id` int(11) NOT NULL AUTO_INCREMENT,
  `firstname` varchar(50) DEFAULT NULL,
  `lastname` varchar(50) DEFAULT NULL,
  `email` varchar(100) DEFAULT NULL,
  `birthdate` date DEFAULT NULL,
  `phone` varchar(20) DEFAULT NULL,
  `nickname` varchar(20) NOT NULL,
  `address` varchar(20) DEFAULT NULL,
  `address2` varchar(20) DEFAULT NULL,
  `postalcode` varchar(10) DEFAULT NULL,
  `city` varchar(50) DEFAULT NULL,
  `password` varchar(50) NOT NULL,
  `type` int(11) NOT NULL,
  PRIMARY KEY (`id`),
  KEY `FK_type_id` (`type`)
) ENGINE=MyISAM  DEFAULT CHARSET=latin1 AUTO_INCREMENT=8 ;

--
-- Contenu de la table `users`
--

INSERT INTO `users` (`id`, `firstname`, `lastname`, `email`, `birthdate`, `phone`, `nickname`, `address`, `address2`, `postalcode`, `city`, `password`, `type`) VALUES
(6, 'Julien', 'GARNIER', 'juliengarnier94@hotmail.fr', '1994-02-05', '0637682737', 'julien42', 'Chemin des coccinell', 'aucun', '42578', 'CITY', '4869506958a2440db683d5d3492817b8', 1),
(7, 'Alexia', 'FONTRAILLE', 'afontraille@gmail.com', '2016-06-08', '0665063363', 'lexyyaf', '1 rue du content', '', '05000', 'Gap', 'e10adc3949ba59abbe56e057f20f883e', 2);

-- --------------------------------------------------------

--
-- Structure de la table `usertype`
--

CREATE TABLE IF NOT EXISTS `usertype` (
  `id` int(11) NOT NULL AUTO_INCREMENT,
  `libelle` varchar(255) NOT NULL,
  PRIMARY KEY (`id`)
) ENGINE=MyISAM  DEFAULT CHARSET=latin1 AUTO_INCREMENT=4 ;

--
-- Contenu de la table `usertype`
--

INSERT INTO `usertype` (`id`, `libelle`) VALUES
(1, 'Vendeur'),
(2, 'Acheteur'),
(3, 'Producteur');

-- --------------------------------------------------------

--
-- Structure de la table `zonage`
--

CREATE TABLE IF NOT EXISTS `zonage` (
  `id` int(11) NOT NULL AUTO_INCREMENT COMMENT 'Identifiant',
  `postalcode` varchar(5) CHARACTER SET utf8 COLLATE utf8_unicode_ci NOT NULL COMMENT 'Num',
  `city` varchar(50) CHARACTER SET utf8 COLLATE utf8_unicode_ci NOT NULL COMMENT 'Nom de la Ville',
  `country` varchar(40) CHARACTER SET utf8 COLLATE utf8_unicode_ci NOT NULL COMMENT 'Nom du Pays',
  PRIMARY KEY (`id`),
  KEY `cp` (`postalcode`),
  KEY `ville` (`city`)
) ENGINE=MyISAM  DEFAULT CHARSET=utf8 AUTO_INCREMENT=1321 ;

--
-- Contenu de la table `zonage`
--

INSERT INTO `zonage` (`id`, `postalcode`, `city`, `country`) VALUES
(1, '64460', 'AAST', 'FRANCE'),
(2, '55130', 'ABAINVILLE', 'FRANCE'),
(3, '59265', 'ABANCOURT', 'FRANCE'),
(4, '60220', 'ABANCOURT', 'FRANCE'),
(5, '54610', 'ABAUCOURT', 'FRANCE'),
(6, '55400', 'ABAUCOURT HAUTECOURT', 'FRANCE'),
(7, '25320', 'ABBANS DESSOUS', 'FRANCE'),
(8, '25440', 'ABBANS DESSUS', 'FRANCE'),
(9, '44170', 'ABBARETZ', 'FRANCE'),
(10, '20243', 'ABBAZIA', 'FRANCE'),
(11, '60430', 'ABBECOURT', 'FRANCE'),
(12, '02300', 'ABBECOURT', 'FRANCE'),
(13, '25340', 'ABBENANS', 'FRANCE'),
(14, '80132', 'ABBEVILLE', 'FRANCE'),
(15, '80100', 'ABBEVILLE', 'FRANCE'),
(16, '91150', 'ABBEVILLE LA RIVIERE', 'FRANCE'),
(17, '54800', 'ABBEVILLE LES CONFLANS', 'FRANCE'),
(18, '60480', 'ABBEVILLE SAINT LUCIEN', 'FRANCE'),
(19, '25310', 'ABBEVILLERS', 'FRANCE'),
(20, '34290', 'ABEILHAN', 'FRANCE'),
(21, '70300', 'ABELCOURT', 'FRANCE'),
(22, '64160', 'ABERE', 'FRANCE'),
(23, '39500', 'ABERGEMENT LA RONCE', 'FRANCE'),
(24, '39600', 'ABERGEMENT LE GRAND', 'FRANCE'),
(25, '39800', 'ABERGEMENT LE PETIT', 'FRANCE'),
(26, '39110', 'ABERGEMENT LES THESY', 'FRANCE'),
(27, '39120', 'ABERGEMENT SAINT JEAN', 'FRANCE'),
(28, '29870', 'ABERWRACH', 'FRANCE'),
(29, '64150', 'ABIDOS', 'FRANCE'),
(30, '37160', 'ABILLY', 'FRANCE'),
(31, '64390', 'ABITAIN', 'FRANCE'),
(32, '24300', 'ABJAT SUR BANDIAT', 'FRANCE'),
(33, '62153', 'ABLAIN SAINT NAZAIRE', 'FRANCE'),
(34, '80320', 'ABLAINCOURT PRESSOIRE', 'FRANCE'),
(35, '62116', 'ABLAINZEVELLE', 'FRANCE'),
(36, '51240', 'ABLANCOURT', 'FRANCE'),
(37, '95450', 'ABLEIGES', 'FRANCE'),
(38, '78660', 'ABLIS', 'FRANCE'),
(39, '14600', 'ABLON', 'FRANCE'),
(40, '94480', 'ABLON SUR SEINE', 'FRANCE'),
(41, '42380', 'ABOEN', 'FRANCE'),
(42, '57920', 'ABONCOURT', 'FRANCE'),
(43, '54115', 'ABONCOURT', 'FRANCE'),
(44, '70500', 'ABONCOURT GESINCOURT', 'FRANCE'),
(45, '57590', 'ABONCOURT SUR SEILLE', 'FRANCE'),
(46, '74360', 'ABONDANCE', 'FRANCE'),
(47, '28570', 'ABONDANT', 'FRANCE'),
(48, '64360', 'ABOS', 'FRANCE'),
(49, '57560', 'ABRESCHVILLER', 'FRANCE'),
(50, '03200', 'ABREST', 'FRANCE'),
(51, '05460', 'ABRIES', 'FRANCE'),
(52, '59215', 'ABSCON', 'FRANCE'),
(53, '33230', 'ABZAC', 'FRANCE'),
(54, '16500', 'ABZAC', 'FRANCE'),
(55, '25250', 'ACCOLANS', 'FRANCE'),
(56, '89460', 'ACCOLAY', 'FRANCE'),
(57, '07160', 'ACCONS', 'FRANCE'),
(58, '64490', 'ACCOUS', 'FRANCE'),
(59, '57340', 'ACHAIN', 'FRANCE'),
(60, '57410', 'ACHEN', 'FRANCE'),
(61, '67204', 'ACHENHEIM', 'FRANCE'),
(62, '78260', 'ACHERES', 'FRANCE'),
(63, '18250', 'ACHERES', 'FRANCE'),
(64, '77760', 'ACHERES LA FORET', 'FRANCE'),
(65, '02800', 'ACHERY', 'FRANCE'),
(66, '80560', 'ACHEUX EN AMIENOIS', 'FRANCE'),
(67, '80210', 'ACHEUX EN VIMEU', 'FRANCE'),
(68, '62320', 'ACHEVILLE', 'FRANCE'),
(69, '70180', 'ACHEY', 'FRANCE'),
(70, '62217', 'ACHICOURT', 'FRANCE'),
(71, '62121', 'ACHIET LE GRAND', 'FRANCE'),
(72, '62121', 'ACHIET LE PETIT', 'FRANCE'),
(73, '58110', 'ACHUN', 'FRANCE'),
(74, '60690', 'ACHY', 'FRANCE'),
(75, '35690', 'ACIGNE', 'FRANCE'),
(76, '27800', 'ACLOU', 'FRANCE'),
(77, '27570', 'ACON', 'FRANCE'),
(78, '97600', 'ACOUA', 'FRANCE'),
(79, '62144', 'ACQ', 'FRANCE'),
(80, '14220', 'ACQUEVILLE', 'FRANCE'),
(81, '50440', 'ACQUEVILLE', 'FRANCE'),
(82, '27400', 'ACQUIGNY', 'FRANCE'),
(83, '62380', 'ACQUIN WESTBECOURT', 'FRANCE'),
(84, '02200', 'ACY', 'FRANCE'),
(85, '60620', 'ACY EN MULTIEN', 'FRANCE'),
(86, '08300', 'ACY ROMANCE', 'FRANCE'),
(87, '57580', 'ADAINCOURT', 'FRANCE'),
(88, '78113', 'ADAINVILLE', 'FRANCE'),
(89, '25360', 'ADAM LES PASSAVANT', 'FRANCE'),
(90, '25530', 'ADAM LES VERCEL', 'FRANCE'),
(91, '67320', 'ADAMSWILLER', 'FRANCE'),
(92, '65260', 'ADAST', 'FRANCE'),
(93, '65100', 'ADE', 'FRANCE'),
(94, '57380', 'ADELANGE', 'FRANCE'),
(95, '70200', 'ADELANS ET LE VAL DE BITH', 'FRANCE'),
(96, '65240', 'ADERVIELLE POUCHERGUES', 'FRANCE'),
(97, '79200', 'ADILLY', 'FRANCE'),
(98, '62116', 'ADINFER', 'FRANCE'),
(99, '34230', 'ADISSAN', 'FRANCE'),
(100, '88270', 'ADOMPT', 'FRANCE'),
(101, '45230', 'ADON', 'FRANCE'),
(102, '86430', 'ADRIERS', 'FRANCE'),
(103, '94390', 'AEROPORT D ORLY', 'FRANCE'),
(104, '20167', 'AFA', 'FRANCE'),
(105, '98719', 'AFAAHITI', 'FRANCE'),
(106, '19260', 'AFFIEUX', 'FRANCE'),
(107, '54800', 'AFFLEVILLE', 'FRANCE'),
(108, '69170', 'AFFOUX', 'FRANCE'),
(109, '54740', 'AFFRACOURT', 'FRANCE'),
(110, '62380', 'AFFRINGUES', 'FRANCE'),
(111, '31230', 'AGASSAC', 'FRANCE'),
(112, '83530', 'AGAY', 'FRANCE'),
(113, '34300', 'AGDE', 'FRANCE'),
(114, '34210', 'AGEL', 'FRANCE'),
(115, '47000', 'AGEN', 'FRANCE'),
(116, '12630', 'AGEN D AVEYRON', 'FRANCE'),
(117, '21700', 'AGENCOURT', 'FRANCE'),
(118, '80370', 'AGENVILLE', 'FRANCE'),
(119, '80150', 'AGENVILLERS', 'FRANCE'),
(120, '52340', 'AGEVILLE', 'FRANCE'),
(121, '21410', 'AGEY', 'FRANCE'),
(122, '20270', 'AGHIONE', 'FRANCE'),
(123, '54770', 'AGINCOURT', 'FRANCE'),
(124, '47350', 'AGME', 'FRANCE'),
(125, '47800', 'AGNAC', 'FRANCE'),
(126, '43100', 'AGNAT', 'FRANCE'),
(127, '50180', 'AGNEAUX', 'FRANCE'),
(128, '60600', 'AGNETZ', 'FRANCE'),
(129, '62161', 'AGNEZ LES DUISANS', 'FRANCE'),
(130, '02340', 'AGNICOURT ET SECHELLES', 'FRANCE'),
(131, '80290', 'AGNIERES', 'FRANCE'),
(132, '62690', 'AGNIERES', 'FRANCE'),
(133, '05250', 'AGNIERES EN DEVOLUY', 'FRANCE'),
(134, '38150', 'AGNIN', 'FRANCE'),
(135, '64400', 'AGNOS', 'FRANCE'),
(136, '62217', 'AGNY', 'FRANCE'),
(137, '50230', 'AGON COUTAINVILLE', 'FRANCE'),
(138, '24460', 'AGONAC', 'FRANCE'),
(139, '34190', 'AGONES', 'FRANCE'),
(140, '03210', 'AGONGES', 'FRANCE'),
(141, '17350', 'AGONNAY', 'FRANCE'),
(142, '65400', 'AGOS VIDALOS', 'FRANCE'),
(143, '16110', 'AGRIS', 'FRANCE'),
(144, '17500', 'AGUDELLE', 'FRANCE'),
(145, '12520', 'AGUESSAC', 'FRANCE'),
(146, '02190', 'AGUILCOURT', 'FRANCE'),
(147, '81470', 'AGUTS', 'FRANCE'),
(148, '14400', 'AGY', 'FRANCE'),
(149, '64220', 'AHAXE ALCIETTE BASCASSAN', 'FRANCE'),
(150, '64210', 'AHETZE', 'FRANCE'),
(151, '88500', 'AHEVILLE', 'FRANCE'),
(152, '53940', 'AHUILLE', 'FRANCE'),
(153, '23150', 'AHUN', 'FRANCE'),
(154, '21121', 'AHUY', 'FRANCE'),
(155, '59149', 'AIBES', 'FRANCE'),
(156, '25750', 'AIBRE', 'FRANCE'),
(157, '64120', 'AICIRITS CAMOU SUHAST', 'FRANCE'),
(158, '79230', 'AIFFRES', 'FRANCE'),
(159, '30700', 'AIGALIERS', 'FRANCE'),
(160, '08090', 'AIGLEMONT', 'FRANCE'),
(161, '39110', 'AIGLEPIERRE', 'FRANCE'),
(162, '27120', 'AIGLEVILLE', 'FRANCE'),
(163, '04510', 'AIGLUN', 'FRANCE'),
(164, '06910', 'AIGLUN', 'FRANCE'),
(165, '32290', 'AIGNAN', 'FRANCE'),
(166, '21510', 'AIGNAY LE DUC', 'FRANCE'),
(167, '72650', 'AIGNE', 'FRANCE'),
(168, '34210', 'AIGNE', 'FRANCE'),
(169, '14710', 'AIGNERVILLE', 'FRANCE'),
(170, '31550', 'AIGNES', 'FRANCE'),
(171, '16190', 'AIGNES ET PUYPEROUX', 'FRANCE'),
(172, '80210', 'AIGNEVILLE', 'FRANCE'),
(173, '51150', 'AIGNY', 'FRANCE'),
(174, '79370', 'AIGONNAY', 'FRANCE'),
(175, '16140', 'AIGRE', 'FRANCE'),
(176, '31280', 'AIGREFEUILLE', 'FRANCE'),
(177, '17290', 'AIGREFEUILLE D AUNIS', 'FRANCE'),
(178, '44140', 'AIGREFEUILLE SUR MAINE', 'FRANCE'),
(179, '78240', 'AIGREMONT', 'FRANCE'),
(180, '30350', 'AIGREMONT', 'FRANCE'),
(181, '52400', 'AIGREMONT', 'FRANCE'),
(182, '89800', 'AIGREMONT', 'FRANCE'),
(183, '73610', 'AIGUEBELETTE LE LAC', 'FRANCE'),
(184, '73220', 'AIGUEBELLE', 'FRANCE'),
(185, '73260', 'AIGUEBLANCHE', 'FRANCE'),
(186, '81200', 'AIGUEFONDE', 'FRANCE'),
(187, '69790', 'AIGUEPERSE', 'FRANCE'),
(188, '63260', 'AIGUEPERSE', 'FRANCE'),
(189, '09240', 'AIGUES JUNTES', 'FRANCE'),
(190, '30220', 'AIGUES MORTES', 'FRANCE'),
(191, '30670', 'AIGUES VIVES', 'FRANCE'),
(192, '09600', 'AIGUES VIVES', 'FRANCE'),
(193, '11800', 'AIGUES VIVES', 'FRANCE'),
(194, '34210', 'AIGUES VIVES', 'FRANCE'),
(195, '30760', 'AIGUEZE', 'FRANCE'),
(196, '43000', 'AIGUILHE', 'FRANCE'),
(197, '05470', 'AIGUILLES', 'FRANCE'),
(198, '47190', 'AIGUILLON', 'FRANCE'),
(199, '83630', 'AIGUINES', 'FRANCE'),
(200, '36140', 'AIGURANDE', 'FRANCE'),
(201, '05340', 'AILEFROIDE', 'FRANCE'),
(202, '07200', 'AILHON', 'FRANCE'),
(203, '45230', 'AILLANT SUR MILLERON', 'FRANCE'),
(204, '89110', 'AILLANT SUR THOLON', 'FRANCE'),
(205, '33124', 'AILLAS', 'FRANCE'),
(206, '42130', 'AILLEUX', 'FRANCE'),
(207, '70110', 'AILLEVANS', 'FRANCE'),
(208, '10200', 'AILLEVILLE', 'FRANCE'),
(209, '70320', 'AILLEVILLERS ET LYAUMONT', 'FRANCE'),
(210, '52700', 'AILLIANVILLE', 'FRANCE'),
(211, '72600', 'AILLIERES BEAUVOIR', 'FRANCE'),
(212, '73340', 'AILLON LE JEUNE', 'FRANCE'),
(213, '73340', 'AILLON LE VIEUX', 'FRANCE'),
(214, '70300', 'AILLONCOURT', 'FRANCE'),
(215, '27600', 'AILLY', 'FRANCE'),
(216, '80690', 'AILLY LE HAUT CLOCHER', 'FRANCE'),
(217, '55300', 'AILLY SUR MEUSE', 'FRANCE'),
(218, '80250', 'AILLY SUR NOYE', 'FRANCE'),
(219, '80470', 'AILLY SUR SOMME', 'FRANCE'),
(220, '30470', 'AIMARGUES', 'FRANCE'),
(221, '73210', 'AIME', 'FRANCE'),
(222, '04000', 'AINAC', 'FRANCE'),
(223, '03360', 'AINAY LE CHATEAU', 'FRANCE'),
(224, '18200', 'AINAY LE VIEIL', 'FRANCE'),
(225, '64220', 'AINCILLE', 'FRANCE'),
(226, '95510', 'AINCOURT', 'FRANCE'),
(227, '55110', 'AINCREVILLE', 'FRANCE'),
(228, '54460', 'AINGERAY', 'FRANCE'),
(229, '88140', 'AINGEVILLE', 'FRANCE'),
(230, '52230', 'AINGOULAINCOURT', 'FRANCE'),
(231, '64130', 'AINHARP', 'FRANCE'),
(232, '64220', 'AINHICE MONGELOS', 'FRANCE'),
(233, '64250', 'AINHOA', 'FRANCE'),
(234, '88320', 'AINVELLE', 'FRANCE'),
(235, '70800', 'AINVELLE', 'FRANCE'),
(236, '80270', 'AIRAINES', 'FRANCE'),
(237, '14370', 'AIRAN', 'FRANCE'),
(238, '08190', 'AIRE', 'FRANCE'),
(239, '40800', 'AIRE SUR L ADOUR', 'FRANCE'),
(240, '62120', 'AIRE SUR LA LYS', 'FRANCE'),
(241, '50680', 'AIREL', 'FRANCE'),
(242, '60600', 'AIRION', 'FRANCE'),
(243, '62180', 'AIRON NOTRE DAME', 'FRANCE'),
(244, '62180', 'AIRON SAINT VAAST', 'FRANCE'),
(245, '11320', 'AIROUX', 'FRANCE'),
(246, '79600', 'AIRVAULT', 'FRANCE'),
(247, '21110', 'AISEREY', 'FRANCE'),
(248, '70500', 'AISEY ET RICHECOURT', 'FRANCE'),
(249, '21400', 'AISEY SUR SEINE', 'FRANCE'),
(250, '85450', 'AISNE', 'FRANCE'),
(251, '02110', 'AISONVILLE ET BERNOVILLE', 'FRANCE'),
(252, '25360', 'AISSEY', 'FRANCE'),
(253, '21390', 'AISY SOUS THIL', 'FRANCE'),
(254, '89390', 'AISY SUR ARMANCON', 'FRANCE'),
(255, '20244', 'AITI', 'FRANCE'),
(256, '73220', 'AITON', 'FRANCE'),
(257, '19200', 'AIX', 'FRANCE'),
(258, '59310', 'AIX', 'FRANCE'),
(259, '26150', 'AIX EN DIOIS', 'FRANCE'),
(260, '62650', 'AIX EN ERGNY', 'FRANCE'),
(261, '62170', 'AIX EN ISSART', 'FRANCE'),
(262, '10160', 'AIX EN OTHE', 'FRANCE'),
(263, '13100', 'AIX EN PROVENCE', 'FRANCE'),
(264, '13090', 'AIX EN PROVENCE', 'FRANCE'),
(265, '63980', 'AIX LA FAYETTE', 'FRANCE'),
(266, '73100', 'AIX LES BAINS', 'FRANCE'),
(267, '62160', 'AIX NOULETTE', 'FRANCE'),
(268, '87700', 'AIXE SUR VIENNE', 'FRANCE'),
(269, '07530', 'AIZAC', 'FRANCE'),
(270, '52120', 'AIZANVILLE', 'FRANCE'),
(271, '36150', 'AIZE', 'FRANCE'),
(272, '80240', 'AIZECOURT LE BAS', 'FRANCE'),
(273, '80200', 'AIZECOURT LE HAUT', 'FRANCE'),
(274, '16700', 'AIZECQ', 'FRANCE'),
(275, '02820', 'AIZELLES', 'FRANCE'),
(276, '85190', 'AIZENAY', 'FRANCE'),
(277, '27500', 'AIZIER', 'FRANCE'),
(278, '02370', 'AIZY JOUY', 'FRANCE'),
(279, '11300', 'AJAC', 'FRANCE'),
(280, '20090', 'AJACCIO', 'FRANCE'),
(281, '20000', 'AJACCIO', 'FRANCE'),
(282, '23380', 'AJAIN', 'FRANCE'),
(283, '24210', 'AJAT', 'FRANCE'),
(284, '20243', 'AJIOLA', 'FRANCE'),
(285, '57590', 'AJONCOURT', 'FRANCE'),
(286, '27410', 'AJOU', 'FRANCE'),
(287, '07000', 'AJOUX', 'FRANCE'),
(288, '11240', 'ALAIGNE', 'FRANCE'),
(289, '70210', 'ALAINCOURT', 'FRANCE'),
(290, '02240', 'ALAINCOURT', 'FRANCE'),
(291, '57590', 'ALAINCOURT LA COTE', 'FRANCE'),
(292, '11290', 'ALAIRAC', 'FRANCE'),
(293, '25330', 'ALAISE', 'FRANCE'),
(294, '31420', 'ALAN', 'FRANCE'),
(295, '20212', 'ALANDO', 'FRANCE'),
(296, '20167', 'ALATA', 'FRANCE'),
(297, '07400', 'ALBA LA ROMAINE', 'FRANCE'),
(298, '81250', 'ALBAN', 'FRANCE'),
(299, '48310', 'ALBARET LE COMTAL', 'FRANCE'),
(300, '48200', 'ALBARET SAINTE MARIE', 'FRANCE'),
(301, '46140', 'ALBAS', 'FRANCE'),
(302, '11360', 'ALBAS', 'FRANCE'),
(303, '67220', 'ALBE', 'FRANCE'),
(304, '82290', 'ALBEFEUILLE LAGARDE', 'FRANCE'),
(305, '73410', 'ALBENS', 'FRANCE'),
(306, '15300', 'ALBEPIERRE BREDONS', 'FRANCE'),
(307, '80300', 'ALBERT', 'FRANCE'),
(308, '20224', 'ALBERTACCE', 'FRANCE'),
(309, '73200', 'ALBERTVILLE', 'FRANCE'),
(310, '57670', 'ALBESTROFF', 'FRANCE'),
(311, '81990', 'ALBI', 'FRANCE'),
(312, '81000', 'ALBI', 'FRANCE'),
(313, '46500', 'ALBIAC', 'FRANCE'),
(314, '31460', 'ALBIAC', 'FRANCE'),
(315, '82350', 'ALBIAS', 'FRANCE'),
(316, '11330', 'ALBIERES', 'FRANCE'),
(317, '09310', 'ALBIES', 'FRANCE'),
(318, '73300', 'ALBIEZ LE JEUNE', 'FRANCE'),
(319, '73300', 'ALBIEZ MONTROND', 'FRANCE'),
(320, '73530', 'ALBIEZ MONTROND', 'FRANCE'),
(321, '19190', 'ALBIGNAC', 'FRANCE'),
(322, '69250', 'ALBIGNY SUR SAONE', 'FRANCE'),
(323, '81240', 'ALBINE', 'FRANCE'),
(324, '04550', 'ALBIOSC', 'FRANCE'),
(325, '20128', 'ALBITRECCIA', 'FRANCE'),
(326, '26140', 'ALBON', 'FRANCE'),
(327, '07190', 'ALBON', 'FRANCE'),
(328, '07440', 'ALBOUSSIERE', 'FRANCE'),
(329, '19380', 'ALBUSSAC', 'FRANCE'),
(330, '74540', 'ALBY SUR CHERAN', 'FRANCE'),
(331, '64470', 'ALCAY ALCABEHETY SUNHARET', 'FRANCE'),
(332, '64430', 'ALDUDES', 'FRANCE'),
(333, '62850', 'ALEMBON', 'FRANCE'),
(334, '61000', 'ALENCON', 'FRANCE'),
(335, '66200', 'ALENYA', 'FRANCE'),
(336, '20270', 'ALERIA', 'FRANCE'),
(337, '30100', 'ALES', 'FRANCE'),
(338, '11580', 'ALET LES BAINS', 'FRANCE'),
(339, '62650', 'ALETTE', 'FRANCE'),
(340, '09320', 'ALEU', 'FRANCE'),
(341, '74290', 'ALEX', 'FRANCE'),
(342, '53240', 'ALEXAIN', 'FRANCE'),
(343, '26770', 'ALEYRAC', 'FRANCE'),
(344, '94140', 'ALFORTVILLE', 'FRANCE'),
(345, '20220', 'ALGAJOLA', 'FRANCE'),
(346, '81470', 'ALGANS', 'FRANCE'),
(347, '68600', 'ALGOLSHEIM', 'FRANCE'),
(348, '57440', 'ALGRANGE', 'FRANCE'),
(349, '39270', 'ALIEZE', 'FRANCE'),
(350, '34290', 'ALIGNAN DU VENT', 'FRANCE'),
(351, '08310', 'ALINCOURT', 'FRANCE'),
(352, '62142', 'ALINCTHUN', 'FRANCE'),
(353, '21150', 'ALISE SAINTE REINE', 'FRANCE'),
(354, '07210', 'ALISSAS', 'FRANCE'),
(355, '20230', 'ALISTRO', 'FRANCE'),
(356, '69380', 'ALIX', 'FRANCE'),
(357, '26300', 'ALIXAN', 'FRANCE'),
(358, '27460', 'ALIZAY', 'FRANCE'),
(359, '54170', 'ALLAIN', 'FRANCE'),
(360, '80200', 'ALLAINES', 'FRANCE'),
(361, '28310', 'ALLAINES MERVILLIERS', 'FRANCE'),
(362, '28500', 'ALLAINVILLE', 'FRANCE'),
(363, '78660', 'ALLAINVILLE', 'FRANCE'),
(364, '45480', 'ALLAINVILLE EN BEAUCE', 'FRANCE'),
(365, '56350', 'ALLAIRE', 'FRANCE'),
(366, '54800', 'ALLAMONT', 'FRANCE'),
(367, '54112', 'ALLAMPS', 'FRANCE'),
(368, '26780', 'ALLAN', 'FRANCE'),
(369, '15160', 'ALLANCHE', 'FRANCE'),
(370, '08130', 'ALLAND HUY ET SAUSSEUIL', 'FRANCE'),
(371, '88110', 'ALLARMONT', 'FRANCE'),
(372, '17150', 'ALLAS BOCAGE', 'FRANCE'),
(373, '17500', 'ALLAS CHAMPAGNE', 'FRANCE'),
(374, '24220', 'ALLAS LES MINES', 'FRANCE'),
(375, '19240', 'ALLASSAC', 'FRANCE'),
(376, '13190', 'ALLAUCH', 'FRANCE'),
(377, '30500', 'ALLEGRE', 'FRANCE'),
(378, '43270', 'ALLEGRE', 'FRANCE'),
(379, '13980', 'ALLEINS', 'FRANCE'),
(380, '04550', 'ALLEMAGNE EN PROVENCE', 'FRANCE'),
(381, '51260', 'ALLEMANCHE LAUNAY ET SOYE', 'FRANCE'),
(382, '24600', 'ALLEMANS', 'FRANCE'),
(383, '47800', 'ALLEMANS DU DROPT', 'FRANCE'),
(384, '02320', 'ALLEMANT', 'FRANCE'),
(385, '51120', 'ALLEMANT', 'FRANCE'),
(386, '38114', 'ALLEMOND', 'FRANCE'),
(387, '80530', 'ALLENAY', 'FRANCE'),
(388, '48190', 'ALLENC', 'FRANCE'),
(389, '25490', 'ALLENJOIE', 'FRANCE'),
(390, '59251', 'ALLENNES LES MARAIS', 'FRANCE'),
(391, '67310', 'ALLENWILLER', 'FRANCE'),
(392, '21230', 'ALLEREY', 'FRANCE'),
(393, '71350', 'ALLEREY SUR SAONE', 'FRANCE'),
(394, '71380', 'ALLERIOT', 'FRANCE'),
(395, '80270', 'ALLERY', 'FRANCE'),
(396, '24480', 'ALLES SUR DORDOGNE', 'FRANCE'),
(397, '15100', 'ALLEUZE', 'FRANCE'),
(398, '38580', 'ALLEVARD', 'FRANCE'),
(399, '74540', 'ALLEVES', 'FRANCE'),
(400, '26400', 'ALLEX', 'FRANCE'),
(401, '43150', 'ALLEYRAC', 'FRANCE'),
(402, '43580', 'ALLEYRAS', 'FRANCE'),
(403, '19200', 'ALLEYRAT', 'FRANCE'),
(404, '23200', 'ALLEYRAT', 'FRANCE'),
(405, '47110', 'ALLEZ ET CAZENEUVE', 'FRANCE'),
(406, '51250', 'ALLIANCELLES', 'FRANCE'),
(407, '09400', 'ALLIAT', 'FRANCE'),
(408, '10700', 'ALLIBAUDIERES', 'FRANCE'),
(409, '52130', 'ALLICHAMPS', 'FRANCE'),
(410, '65360', 'ALLIER', 'FRANCE'),
(411, '09240', 'ALLIERES', 'FRANCE'),
(412, '58200', 'ALLIGNY COSNE', 'FRANCE'),
(413, '58230', 'ALLIGNY EN MORVAN', 'FRANCE'),
(414, '22460', 'ALLINEUC', 'FRANCE'),
(415, '74200', 'ALLINGES', 'FRANCE'),
(416, '18110', 'ALLOGNY', 'FRANCE'),
(417, '25550', 'ALLONDANS', 'FRANCE'),
(418, '73200', 'ALLONDAZ', 'FRANCE'),
(419, '54260', 'ALLONDRELLE LA MALMAISON', 'FRANCE'),
(420, '60000', 'ALLONNE', 'FRANCE'),
(421, '79130', 'ALLONNE', 'FRANCE'),
(422, '28150', 'ALLONNES', 'FRANCE'),
(423, '72700', 'ALLONNES', 'FRANCE'),
(424, '49650', 'ALLONNES', 'FRANCE'),
(425, '47420', 'ALLONS', 'FRANCE'),
(426, '04170', 'ALLONS', 'FRANCE'),
(427, '80260', 'ALLONVILLE', 'FRANCE'),
(428, '74350', 'ALLONZIER LA CAILLE', 'FRANCE'),
(429, '04260', 'ALLOS', 'FRANCE'),
(430, '62157', 'ALLOUAGNE', 'FRANCE'),
(431, '16490', 'ALLOUE', 'FRANCE'),
(432, '18500', 'ALLOUIS', 'FRANCE'),
(433, '76190', 'ALLOUVILLE BELLEFOSSE', 'FRANCE'),
(434, '58110', 'ALLUY', 'FRANCE'),
(435, '28800', 'ALLUYES', 'FRANCE'),
(436, '15700', 'ALLY', 'FRANCE'),
(437, '43380', 'ALLY', 'FRANCE'),
(438, '81190', 'ALMAYRAC', 'FRANCE'),
(439, '61570', 'ALMENECHES', 'FRANCE'),
(440, '12300', 'ALMONT LES JUNIES', 'FRANCE'),
(441, '98610', 'ALO', 'FRANCE'),
(442, '09200', 'ALOS', 'FRANCE'),
(443, '81140', 'ALOS', 'FRANCE'),
(444, '64470', 'ALOS SIBAS ABENSE', 'FRANCE'),
(445, '21420', 'ALOXE CORTON', 'FRANCE'),
(446, '12210', 'ALPUECH', 'FRANCE'),
(447, '62850', 'ALQUINES', 'FRANCE'),
(448, '12430', 'ALRANCE', 'FRANCE'),
(449, '57520', 'ALSTING', 'FRANCE'),
(450, '20112', 'ALTAGENE', 'FRANCE'),
(451, '67270', 'ALTECKENDORF', 'FRANCE'),
(452, '68210', 'ALTENACH', 'FRANCE'),
(453, '68760', 'ALTENBACH', 'FRANCE'),
(454, '67490', 'ALTENHEIM', 'FRANCE'),
(455, '67160', 'ALTENSTADT', 'FRANCE'),
(456, '84210', 'ALTHEN DES PALUDS', 'FRANCE'),
(457, '20251', 'ALTIANI', 'FRANCE'),
(458, '48800', 'ALTIER', 'FRANCE'),
(459, '19120', 'ALTILLAC', 'FRANCE'),
(460, '68130', 'ALTKIRCH', 'FRANCE'),
(461, '67120', 'ALTORF', 'FRANCE'),
(462, '57660', 'ALTRIPPE', 'FRANCE'),
(463, '57730', 'ALTVILLER', 'FRANCE'),
(464, '67260', 'ALTWILLER', 'FRANCE'),
(465, '71510', 'ALUZE', 'FRANCE'),
(466, '46500', 'ALVIGNAC', 'FRANCE'),
(467, '76640', 'ALVIMARE', 'FRANCE'),
(468, '09240', 'ALZEN', 'FRANCE'),
(469, '20212', 'ALZI', 'FRANCE'),
(470, '57320', 'ALZING', 'FRANCE'),
(471, '20240', 'ALZITONE', 'FRANCE'),
(472, '30770', 'ALZON', 'FRANCE'),
(473, '11170', 'ALZONNE', 'FRANCE'),
(474, '70280', 'AMAGE', 'FRANCE'),
(475, '08300', 'AMAGNE', 'FRANCE'),
(476, '25220', 'AMAGNEY', 'FRANCE'),
(477, '79350', 'AMAILLOUX', 'FRANCE'),
(478, '10140', 'AMANCE', 'FRANCE'),
(479, '70160', 'AMANCE', 'FRANCE'),
(480, '54770', 'AMANCE', 'FRANCE'),
(481, '25330', 'AMANCEY', 'FRANCE'),
(482, '74800', 'AMANCY', 'FRANCE'),
(483, '39700', 'AMANGE', 'FRANCE'),
(484, '35150', 'AMANLIS', 'FRANCE'),
(485, '55130', 'AMANTY', 'FRANCE'),
(486, '57111', 'AMANVILLERS', 'FRANCE'),
(487, '71610', 'AMANZE', 'FRANCE'),
(488, '01090', 'AMAREINS', 'FRANCE'),
(489, '01090', 'AMAREINS FRANCHELEINS CES', 'FRANCE'),
(490, '81170', 'AMARENS', 'FRANCE'),
(491, '25330', 'AMATHAY VESIGNEUX', 'FRANCE'),
(492, '14210', 'AMAYE SUR ORNE', 'FRANCE'),
(493, '14310', 'AMAYE SUR SEULLES', 'FRANCE'),
(494, '58190', 'AMAZY', 'FRANCE'),
(495, '88500', 'AMBACOURT', 'FRANCE'),
(496, '33440', 'AMBARES ET LAGRAVE', 'FRANCE'),
(497, '31230', 'AMBAX', 'FRANCE'),
(498, '87240', 'AMBAZAC', 'FRANCE'),
(499, '38970', 'AMBEL', 'FRANCE'),
(500, '27250', 'AMBENAY', 'FRANCE'),
(501, '16140', 'AMBERAC', 'FRANCE'),
(502, '01500', 'AMBERIEU EN BUGEY', 'FRANCE'),
(503, '69480', 'AMBERIEUX', 'FRANCE'),
(504, '01330', 'AMBERIEUX EN DOMBES', 'FRANCE'),
(505, '16490', 'AMBERNAC', 'FRANCE'),
(506, '86110', 'AMBERRE', 'FRANCE'),
(507, '63600', 'AMBERT', 'FRANCE'),
(508, '33810', 'AMBES', 'FRANCE'),
(509, '12260', 'AMBEYRAC', 'FRANCE'),
(510, '81430', 'AMBIALET', 'FRANCE'),
(511, '20151', 'AMBIEGNA', 'FRANCE'),
(512, '42820', 'AMBIERLE', 'FRANCE'),
(513, '70210', 'AMBIEVILLERS', 'FRANCE'),
(514, '37340', 'AMBILLOU', 'FRANCE'),
(515, '49700', 'AMBILLOU CHATEAU', 'FRANCE'),
(516, '74100', 'AMBILLY', 'FRANCE'),
(517, '55250', 'AMBLAINCOURT', 'FRANCE'),
(518, '60110', 'AMBLAINVILLE', 'FRANCE'),
(519, '70200', 'AMBLANS ET VELOTTE', 'FRANCE'),
(520, '02290', 'AMBLENY', 'FRANCE'),
(521, '01300', 'AMBLEON', 'FRANCE'),
(522, '62164', 'AMBLETEUSE', 'FRANCE'),
(523, '95710', 'AMBLEVILLE', 'FRANCE'),
(524, '16300', 'AMBLEVILLE', 'FRANCE'),
(525, '14480', 'AMBLIE', 'FRANCE'),
(526, '08210', 'AMBLIMONT', 'FRANCE'),
(527, '41310', 'AMBLOY', 'FRANCE'),
(528, '08130', 'AMBLY FLEURY', 'FRANCE'),
(529, '55300', 'AMBLY SUR MEUSE', 'FRANCE'),
(530, '37530', 'AMBOISE', 'FRANCE'),
(531, '37400', 'AMBOISE', 'FRANCE'),
(532, '56190', 'AMBON', 'FRANCE'),
(533, '26800', 'AMBONIL', 'FRANCE'),
(534, '51150', 'AMBONNAY', 'FRANCE'),
(535, '52110', 'AMBONVILLE', 'FRANCE'),
(536, '76480', 'AMBOURVILLE', 'FRANCE'),
(537, '36120', 'AMBRAULT', 'FRANCE'),
(538, '81500', 'AMBRES', 'FRANCE'),
(539, '62310', 'AMBRICOURT', 'FRANCE'),
(540, '02200', 'AMBRIEF', 'FRANCE'),
(541, '51290', 'AMBRIERES', 'FRANCE'),
(542, '53300', 'AMBRIERES LES VALLEES', 'FRANCE'),
(543, '62127', 'AMBRINES', 'FRANCE'),
(544, '01500', 'AMBRONAY', 'FRANCE'),
(545, '19250', 'AMBRUGEAT', 'FRANCE'),
(546, '76550', 'AMBRUMESNIL', 'FRANCE'),
(547, '47160', 'AMBRUS', 'FRANCE'),
(548, '01500', 'AMBUTRIX', 'FRANCE'),
(549, '27140', 'AMECOURT', 'FRANCE'),
(550, '55230', 'AMEL SUR L ETANG', 'FRANCE'),
(551, '57170', 'AMELECOURT', 'FRANCE'),
(552, '66110', 'AMELIE LES BAINS PALALDA', 'FRANCE'),
(553, '64120', 'AMENDEUIX ONEIX', 'FRANCE'),
(554, '54450', 'AMENONCOURT', 'FRANCE'),
(555, '95510', 'AMENUCOURT', 'FRANCE'),
(556, '88220', 'AMEREY', 'FRANCE'),
(557, '62190', 'AMES', 'FRANCE'),
(558, '62260', 'AMETTES', 'FRANCE'),
(559, '71460', 'AMEUGNY', 'FRANCE'),
(560, '88410', 'AMEUVELLE', 'FRANCE'),
(561, '50480', 'AMFREVILLE', 'FRANCE'),
(562, '14860', 'AMFREVILLE', 'FRANCE'),
(563, '27370', 'AMFREVILLE LA CAMPAGNE', 'FRANCE'),
(564, '76920', 'AMFREVILLE LA MI VOIE', 'FRANCE'),
(565, '76560', 'AMFREVILLE LES CHAMPS', 'FRANCE'),
(566, '27380', 'AMFREVILLE LES CHAMPS', 'FRANCE'),
(567, '27590', 'AMFREVILLE SOUS LES MONTS', 'FRANCE'),
(568, '27380', 'AMFREVILLE SOUS LES MONTS', 'FRANCE'),
(569, '27400', 'AMFREVILLE SUR ITON', 'FRANCE'),
(570, '59144', 'AMFROIPRET', 'FRANCE'),
(571, '80090', 'AMIENS', 'FRANCE'),
(572, '80000', 'AMIENS', 'FRANCE'),
(573, '80080', 'AMIENS', 'FRANCE'),
(574, '02190', 'AMIFONTAINE', 'FRANCE'),
(575, '50620', 'AMIGNY', 'FRANCE'),
(576, '02700', 'AMIGNY ROUY', 'FRANCE'),
(577, '77120', 'AMILLIS', 'FRANCE'),
(578, '28300', 'AMILLY', 'FRANCE'),
(579, '45200', 'AMILLY', 'FRANCE'),
(580, '42260', 'AMIONS', 'FRANCE'),
(581, '06910', 'AMIRAT', 'FRANCE'),
(582, '68770', 'AMMERSCHWIHR', 'FRANCE'),
(583, '68210', 'AMMERZWILLER', 'FRANCE'),
(584, '14170', 'AMMEVILLE', 'FRANCE'),
(585, '72540', 'AMNE', 'FRANCE'),
(586, '57360', 'AMNEVILLE', 'FRANCE'),
(587, '70170', 'AMONCOURT', 'FRANCE'),
(588, '25330', 'AMONDANS', 'FRANCE'),
(589, '70310', 'AMONT ET EFFRENEY', 'FRANCE'),
(590, '64120', 'AMOROTS SUCCOS', 'FRANCE'),
(591, '40330', 'AMOU', 'FRANCE'),
(592, '74500', 'AMPHION LES BAINS', 'FRANCE'),
(593, '12000', 'AMPIAC', 'FRANCE'),
(594, '21400', 'AMPILLY LE SEC', 'FRANCE'),
(595, '21450', 'AMPILLY LES BORDES', 'FRANCE'),
(596, '09400', 'AMPLAING', 'FRANCE'),
(597, '69550', 'AMPLEPUIS', 'FRANCE'),
(598, '62760', 'AMPLIER', 'FRANCE'),
(599, '53200', 'AMPOIGNE', 'FRANCE'),
(600, '77760', 'AMPONVILLE', 'FRANCE'),
(601, '20272', 'AMPRIANI', 'FRANCE'),
(602, '69420', 'AMPUIS', 'FRANCE'),
(603, '83111', 'AMPUS', 'FRANCE'),
(604, '79210', 'AMURE', 'FRANCE'),
(605, '60310', 'AMY', 'FRANCE'),
(606, '98760', 'ANAA', 'FRANCE'),
(607, '17540', 'ANAIS', 'FRANCE'),
(608, '16560', 'ANAIS', 'FRANCE'),
(609, '31230', 'ANAN', 'FRANCE'),
(610, '64570', 'ANCE', 'FRANCE'),
(611, '76710', 'ANCEAUMEVILLE', 'FRANCE'),
(612, '61550', 'ANCEINS', 'FRANCE'),
(613, '05260', 'ANCELLE', 'FRANCE'),
(614, '55320', 'ANCEMONT', 'FRANCE'),
(615, '44150', 'ANCENIS', 'FRANCE'),
(616, '55170', 'ANCERVILLE', 'FRANCE'),
(617, '57580', 'ANCERVILLE', 'FRANCE'),
(618, '54450', 'ANCERVILLER', 'FRANCE'),
(619, '21410', 'ANCEY', 'FRANCE'),
(620, '08500', 'ANCHAMPS', 'FRANCE'),
(621, '86700', 'ANCHE', 'FRANCE'),
(622, '37500', 'ANCHE', 'FRANCE'),
(623, '70210', 'ANCHENONCOURT ET CHAZEL', 'FRANCE'),
(624, '02600', 'ANCIENVILLE', 'FRANCE'),
(625, '70100', 'ANCIER', 'FRANCE'),
(626, '72610', 'ANCINNES', 'FRANCE'),
(627, '65440', 'ANCIZAN', 'FRANCE'),
(628, '26200', 'ANCONE', 'FRANCE'),
(629, '76370', 'ANCOURT', 'FRANCE'),
(630, '76560', 'ANCOURTEVILLE SUR HERICOU', 'FRANCE'),
(631, '76760', 'ANCRETIEVILLE VICTOR', 'FRANCE'),
(632, '76540', 'ANCRETTEVILLE SUR MER', 'FRANCE'),
(633, '50200', 'ANCTEVILLE', 'FRANCE'),
(634, '14240', 'ANCTOVILLE', 'FRANCE'),
(635, '50400', 'ANCTOVILLE SUR BOSCQ', 'FRANCE'),
(636, '69490', 'ANCY', 'FRANCE'),
(637, '89160', 'ANCY LE FRANC', 'FRANCE'),
(638, '89160', 'ANCY LE LIBRE', 'FRANCE'),
(639, '57130', 'ANCY SUR MOSELLE', 'FRANCE'),
(640, '80140', 'ANDAINVILLE', 'FRANCE'),
(641, '07340', 'ANDANCE', 'FRANCE'),
(642, '26140', 'ANDANCETTE', 'FRANCE'),
(643, '49800', 'ANDARD', 'FRANCE'),
(644, '27430', 'ANDE', 'FRANCE'),
(645, '80700', 'ANDECHY', 'FRANCE'),
(646, '22400', 'ANDEL', 'FRANCE'),
(647, '02800', 'ANDELAIN', 'FRANCE'),
(648, '03120', 'ANDELAROCHE', 'FRANCE'),
(649, '70000', 'ANDELARRE', 'FRANCE'),
(650, '70000', 'ANDELARROT', 'FRANCE'),
(651, '15100', 'ANDELAT', 'FRANCE'),
(652, '90400', 'ANDELNANS', 'FRANCE'),
(653, '52700', 'ANDELOT BLANCHEVILLE', 'FRANCE'),
(654, '39110', 'ANDELOT EN MONTAGNE', 'FRANCE'),
(655, '39320', 'ANDELOT MORVAL', 'FRANCE'),
(656, '78770', 'ANDELU', 'FRANCE'),
(657, '55800', 'ANDERNAY', 'FRANCE'),
(658, '33510', 'ANDERNOS LES BAINS', 'FRANCE'),
(659, '54560', 'ANDERNY', 'FRANCE'),
(660, '01300', 'ANDERT ET CONDON', 'FRANCE'),
(661, '08240', 'ANDEVANNE', 'FRANCE'),
(662, '60570', 'ANDEVILLE', 'FRANCE'),
(663, '49220', 'ANDIGNE', 'FRANCE'),
(664, '81140', 'ANDILLAC', 'FRANCE'),
(665, '17230', 'ANDILLY', 'FRANCE'),
(666, '74350', 'ANDILLY', 'FRANCE'),
(667, '54200', 'ANDILLY', 'FRANCE'),
(668, '95580', 'ANDILLY', 'FRANCE'),
(669, '52360', 'ANDILLY EN BASSIGNY', 'FRANCE'),
(670, '47170', 'ANDIRAN', 'FRANCE'),
(671, '67140', 'ANDLAU', 'FRANCE'),
(672, '64420', 'ANDOINS', 'FRANCE'),
(673, '68280', 'ANDOLSHEIM', 'FRANCE'),
(674, '06750', 'ANDON', 'FRANCE'),
(675, '45480', 'ANDONVILLE', 'FRANCE'),
(676, '70200', 'ANDORNAY', 'FRANCE'),
(677, '53240', 'ANDOUILLE', 'FRANCE'),
(678, '35250', 'ANDOUILLE NEUVILLE', 'FRANCE'),
(679, '81350', 'ANDOUQUE', 'FRANCE'),
(680, '64390', 'ANDREIN', 'FRANCE'),
(681, '62340', 'ANDRES', 'FRANCE'),
(682, '65390', 'ANDREST', 'FRANCE'),
(683, '78570', 'ANDRESY', 'FRANCE'),
(684, '49600', 'ANDREZE', 'FRANCE'),
(685, '77390', 'ANDREZEL', 'FRANCE'),
(686, '42160', 'ANDREZIEUX BOUTHEON', 'FRANCE'),
(687, '89480', 'ANDRYES', 'FRANCE'),
(688, '30140', 'ANDUZE', 'FRANCE'),
(689, '65510', 'ANERAN CAMORS', 'FRANCE'),
(690, '65150', 'ANERES', 'FRANCE'),
(691, '28260', 'ANET', 'FRANCE'),
(692, '44150', 'ANETZ', 'FRANCE'),
(693, '64510', 'ANGAIS', 'FRANCE'),
(694, '41400', 'ANGE', 'FRANCE'),
(695, '16130', 'ANGEAC CHAMPAGNE', 'FRANCE'),
(696, '16120', 'ANGEAC CHARENTE', 'FRANCE'),
(697, '08450', 'ANGECOURT', 'FRANCE'),
(698, '16300', 'ANGEDUC', 'FRANCE'),
(699, '89440', 'ANGELY', 'FRANCE'),
(700, '90150', 'ANGEOT', 'FRANCE'),
(701, '49000', 'ANGERS', 'FRANCE'),
(702, '49100', 'ANGERS', 'FRANCE'),
(703, '14430', 'ANGERVILLE', 'FRANCE'),
(704, '91670', 'ANGERVILLE', 'FRANCE'),
(705, '76110', 'ANGERVILLE BAILLEUL', 'FRANCE'),
(706, '76280', 'ANGERVILLE L ORCHER', 'FRANCE'),
(707, '27930', 'ANGERVILLE LA CAMPAGNE', 'FRANCE'),
(708, '76540', 'ANGERVILLE LA MARTEL', 'FRANCE'),
(709, '91470', 'ANGERVILLIERS', 'FRANCE'),
(710, '82210', 'ANGEVILLE', 'FRANCE'),
(711, '57440', 'ANGEVILLERS', 'FRANCE'),
(712, '50530', 'ANGEY', 'FRANCE'),
(713, '60940', 'ANGICOURT', 'FRANCE'),
(714, '76740', 'ANGIENS', 'FRANCE'),
(715, '70700', 'ANGIREY', 'FRANCE'),
(716, '60130', 'ANGIVILLERS', 'FRANCE'),
(717, '33390', 'ANGLADE', 'FRANCE'),
(718, '15380', 'ANGLARDS DE SALERS', 'FRANCE'),
(719, '15100', 'ANGLARDS DE SAINT FLOUR', 'FRANCE'),
(720, '46120', 'ANGLARS', 'FRANCE'),
(721, '46140', 'ANGLARS JUILLAC', 'FRANCE'),
(722, '46300', 'ANGLARS NOZAC', 'FRANCE'),
(723, '12390', 'ANGLARS SAINT FELIX', 'FRANCE'),
(724, '01350', 'ANGLEFORT', 'FRANCE'),
(725, '88700', 'ANGLEMONT', 'FRANCE'),
(726, '81260', 'ANGLES', 'FRANCE'),
(727, '85750', 'ANGLES', 'FRANCE'),
(728, '04170', 'ANGLES', 'FRANCE'),
(729, '86260', 'ANGLES SUR L ANGLIN', 'FRANCE'),
(730, '76280', 'ANGLESQUEVILLE L ESNEVAL', 'FRANCE'),
(731, '76740', 'ANGLESQUEVILLE LA BRAS LO', 'FRANCE'),
(732, '64600', 'ANGLET', 'FRANCE'),
(733, '17540', 'ANGLIERS', 'FRANCE'),
(734, '86330', 'ANGLIERS', 'FRANCE'),
(735, '51260', 'ANGLURE', 'FRANCE'),
(736, '71170', 'ANGLURE SOUS DUN', 'FRANCE'),
(737, '52220', 'ANGLUS', 'FRANCE'),
(738, '51230', 'ANGLUZELLES ET COURCELLES', 'FRANCE'),
(739, '24270', 'ANGOISSE', 'FRANCE'),
(740, '54540', 'ANGOMONT', 'FRANCE'),
(741, '65690', 'ANGOS', 'FRANCE'),
(742, '16000', 'ANGOULEME', 'FRANCE'),
(743, '17690', 'ANGOULINS', 'FRANCE'),
(744, '40990', 'ANGOUME', 'FRANCE'),
(745, '64190', 'ANGOUS', 'FRANCE'),
(746, '66760', 'ANGOUSTRINE VILLENEUVE DE', 'FRANCE'),
(747, '14220', 'ANGOVILLE', 'FRANCE'),
(748, '50480', 'ANGOVILLE AU PLAIN', 'FRANCE'),
(749, '50330', 'ANGOVILLE EN SAIRE', 'FRANCE'),
(750, '50430', 'ANGOVILLE SUR AY', 'FRANCE'),
(751, '62143', 'ANGRES', 'FRANCE'),
(752, '40150', 'ANGRESSE', 'FRANCE'),
(753, '49440', 'ANGRIE', 'FRANCE'),
(754, '14610', 'ANGUERNY', 'FRANCE'),
(755, '02800', 'ANGUILCOURT LE SART', 'FRANCE'),
(756, '57930', 'ANGVILLER LES BISPING', 'FRANCE'),
(757, '60250', 'ANGY', 'FRANCE'),
(758, '64220', 'ANHAUX', 'FRANCE'),
(759, '59194', 'ANHIERS', 'FRANCE'),
(760, '34150', 'ANIANE', 'FRANCE'),
(761, '59580', 'ANICHE', 'FRANCE'),
(762, '14610', 'ANISY', 'FRANCE'),
(763, '02320', 'ANIZY LE CHATEAU', 'FRANCE'),
(764, '70800', 'ANJEUX', 'FRANCE'),
(765, '38150', 'ANJOU', 'FRANCE'),
(766, '36210', 'ANJOUIN', 'FRANCE'),
(767, '90170', 'ANJOUTEY', 'FRANCE'),
(768, '65370', 'ANLA', 'FRANCE'),
(769, '58270', 'ANLEZY', 'FRANCE'),
(770, '24160', 'ANLHIAC', 'FRANCE'),
(771, '58450', 'ANNAY', 'FRANCE'),
(772, '62880', 'ANNAY', 'FRANCE'),
(773, '89200', 'ANNAY LA COTE', 'FRANCE'),
(774, '89310', 'ANNAY SUR SEREIN', 'FRANCE'),
(775, '14430', 'ANNEBAULT', 'FRANCE'),
(776, '14380', 'ANNEBECQ', 'FRANCE'),
(777, '74000', 'ANNECY', 'FRANCE'),
(778, '74940', 'ANNECY LE VIEUX', 'FRANCE'),
(779, '08310', 'ANNELLES', 'FRANCE'),
(780, '74100', 'ANNEMASSE', 'FRANCE'),
(781, '89200', 'ANNEOT', 'FRANCE'),
(782, '17350', 'ANNEPONT', 'FRANCE'),
(783, '62149', 'ANNEQUIN', 'FRANCE'),
(784, '24430', 'ANNESSE ET BEAULIEU', 'FRANCE'),
(785, '77410', 'ANNET SUR MARNE', 'FRANCE'),
(786, '59400', 'ANNEUX', 'FRANCE'),
(787, '76480', 'ANNEVILLE AMBOURVILLE', 'FRANCE'),
(788, '50760', 'ANNEVILLE EN SAIRE', 'FRANCE'),
(789, '52310', 'ANNEVILLE LA PRAIRIE', 'FRANCE'),
(790, '50560', 'ANNEVILLE SUR MER', 'FRANCE'),
(791, '76590', 'ANNEVILLE SUR SCIE', 'FRANCE'),
(792, '26140', 'ANNEYRON', 'FRANCE'),
(793, '17380', 'ANNEZAY', 'FRANCE'),
(794, '62232', 'ANNEZIN', 'FRANCE'),
(795, '59112', 'ANNOEULLIN', 'FRANCE'),
(796, '39120', 'ANNOIRE', 'FRANCE'),
(797, '02480', 'ANNOIS', 'FRANCE'),
(798, '38460', 'ANNOISIN CHATELANS', 'FRANCE'),
(799, '18340', 'ANNOIX', 'FRANCE'),
(800, '07100', 'ANNONAY', 'FRANCE'),
(801, '52230', 'ANNONVILLE', 'FRANCE'),
(802, '04240', 'ANNOT', 'FRANCE'),
(803, '76110', 'ANNOUVILLE VILMESNIL', 'FRANCE'),
(804, '89440', 'ANNOUX', 'FRANCE'),
(805, '50660', 'ANNOVILLE', 'FRANCE'),
(806, '59186', 'ANOR', 'FRANCE'),
(807, '64160', 'ANOS', 'FRANCE'),
(808, '71550', 'ANOST', 'FRANCE'),
(809, '88650', 'ANOULD', 'FRANCE'),
(810, '54150', 'ANOUX', 'FRANCE'),
(811, '64350', 'ANOYE', 'FRANCE'),
(812, '76490', 'ANQUETIERVILLE', 'FRANCE'),
(813, '52500', 'ANROSEY', 'FRANCE'),
(814, '16500', 'ANSAC SUR VIENNE', 'FRANCE'),
(815, '60250', 'ANSACQ', 'FRANCE'),
(816, '32270', 'ANSAN', 'FRANCE'),
(817, '54470', 'ANSAUVILLE', 'FRANCE'),
(818, '60120', 'ANSAUVILLERS', 'FRANCE'),
(819, '69480', 'ANSE', 'FRANCE'),
(820, '97121', 'ANSE BERTRAND', 'FRANCE'),
(821, '60540', 'ANSERVILLE', 'FRANCE'),
(822, '66220', 'ANSIGNAN', 'FRANCE'),
(823, '73410', 'ANSIGNY', 'FRANCE'),
(824, '65140', 'ANSOST', 'FRANCE'),
(825, '84240', 'ANSOUIS', 'FRANCE'),
(826, '59152', 'ANSTAING', 'FRANCE'),
(827, '47700', 'ANTAGNAC', 'FRANCE'),
(828, '15110', 'ANTERRIEUX', 'FRANCE'),
(829, '25340', 'ANTEUIL', 'FRANCE'),
(830, '17400', 'ANTEZANT LA CHAPELLE', 'FRANCE'),
(831, '47370', 'ANTHE', 'FRANCE'),
(832, '54110', 'ANTHELUPT', 'FRANCE'),
(833, '51700', 'ANTHENAY', 'FRANCE'),
(834, '08260', 'ANTHENY', 'FRANCE'),
(835, '83530', 'ANTHEOR', 'FRANCE'),
(836, '21360', 'ANTHEUIL', 'FRANCE'),
(837, '60162', 'ANTHEUIL PORTES', 'FRANCE'),
(838, '58800', 'ANTHIEN', 'FRANCE'),
(839, '38280', 'ANTHON', 'FRANCE'),
(840, '74200', 'ANTHY SUR LEMAN', 'FRANCE'),
(841, '06160', 'ANTIBES', 'FRANCE'),
(842, '06600', 'ANTIBES', 'FRANCE'),
(843, '65370', 'ANTICHAN', 'FRANCE'),
(844, '31510', 'ANTICHAN DE FRONTIGNES', 'FRANCE'),
(845, '15240', 'ANTIGNAC', 'FRANCE'),
(846, '31110', 'ANTIGNAC', 'FRANCE'),
(847, '17240', 'ANTIGNAC', 'FRANCE'),
(848, '86310', 'ANTIGNY', 'FRANCE'),
(849, '85120', 'ANTIGNY', 'FRANCE'),
(850, '21230', 'ANTIGNY LA VILLE', 'FRANCE'),
(851, '57640', 'ANTILLY', 'FRANCE'),
(852, '60620', 'ANTILLY', 'FRANCE'),
(853, '65220', 'ANTIN', 'FRANCE'),
(854, '20270', 'ANTISANTI', 'FRANCE'),
(855, '65200', 'ANTIST', 'FRANCE'),
(856, '37800', 'ANTOGNY LE TILLAC', 'FRANCE'),
(857, '72380', 'ANTOIGNE', 'FRANCE'),
(858, '49260', 'ANTOIGNE', 'FRANCE'),
(859, '61410', 'ANTOIGNY', 'FRANCE'),
(860, '63340', 'ANTOINGT', 'FRANCE'),
(861, '05300', 'ANTONAVES', 'FRANCE'),
(862, '24420', 'ANTONNE ET TRIGONANT', 'FRANCE'),
(863, '92160', 'ANTONY', 'FRANCE'),
(864, '25410', 'ANTORPE', 'FRANCE'),
(865, '07530', 'ANTRAIGUES SUR VOLANE', 'FRANCE'),
(866, '35560', 'ANTRAIN', 'FRANCE'),
(867, '86100', 'ANTRAN', 'FRANCE'),
(868, '09800', 'ANTRAS', 'FRANCE'),
(869, '32360', 'ANTRAS', 'FRANCE'),
(870, '48100', 'ANTRENAS', 'FRANCE'),
(871, '11190', 'ANTUGNAC', 'FRANCE'),
(872, '71400', 'ANTULLY', 'FRANCE'),
(873, '76560', 'ANVEVILLE', 'FRANCE'),
(874, '16170', 'ANVILLE', 'FRANCE'),
(875, '62134', 'ANVIN', 'FRANCE'),
(876, '02500', 'ANY MARTIN RIEUX', 'FRANCE'),
(877, '63420', 'ANZAT LE LUGUET', 'FRANCE'),
(878, '57320', 'ANZELING', 'FRANCE'),
(879, '23000', 'ANZEME', 'FRANCE'),
(880, '47700', 'ANZEX', 'FRANCE'),
(881, '59410', 'ANZIN', 'FRANCE'),
(882, '62223', 'ANZIN SAINT AUBIN', 'FRANCE'),
(883, '71110', 'ANZY LE DUC', 'FRANCE'),
(884, '38490', 'AOSTE', 'FRANCE'),
(885, '51170', 'AOUGNY', 'FRANCE'),
(886, '08290', 'AOUSTE', 'FRANCE'),
(887, '26400', 'AOUSTE SUR SYE', 'FRANCE'),
(888, '88170', 'AOUZE', 'FRANCE'),
(889, '57480', 'APACH', 'FRANCE'),
(890, '97317', 'APATOU', 'FRANCE'),
(891, '63420', 'APCHAT', 'FRANCE'),
(892, '15400', 'APCHON', 'FRANCE'),
(893, '42550', 'APINAC', 'FRANCE'),
(894, '81700', 'APPELLE', 'FRANCE'),
(895, '61130', 'APPENAI SOUS BELLEME', 'FRANCE'),
(896, '25250', 'APPENANS', 'FRANCE'),
(897, '68280', 'APPENWIHR', 'FRANCE'),
(898, '50500', 'APPEVILLE', 'FRANCE'),
(899, '27290', 'APPEVILLE ANNEBAULT', 'FRANCE'),
(900, '20167', 'APPIETTO', 'FRANCE'),
(901, '60400', 'APPILLY', 'FRANCE'),
(902, '89380', 'APPOIGNY', 'FRANCE'),
(903, '38140', 'APPRIEU', 'FRANCE'),
(904, '09250', 'APPY', 'FRANCE'),
(905, '85220', 'APREMONT', 'FRANCE'),
(906, '60300', 'APREMONT', 'FRANCE'),
(907, '01100', 'APREMONT', 'FRANCE'),
(908, '08250', 'APREMONT', 'FRANCE'),
(909, '73190', 'APREMONT', 'FRANCE'),
(910, '70100', 'APREMONT', 'FRANCE'),
(911, '55300', 'APREMONT LA FORET', 'FRANCE'),
(912, '18150', 'APREMONT SUR ALLIER', 'FRANCE'),
(913, '52250', 'APREY', 'FRANCE'),
(914, '84400', 'APT', 'FRANCE'),
(915, '09000', 'ARABAUX', 'FRANCE'),
(916, '74300', 'ARACHES', 'FRANCE'),
(917, '65170', 'ARAGNOUET', 'FRANCE'),
(918, '11600', 'ARAGON', 'FRANCE'),
(919, '64570', 'ARAMITS', 'FRANCE'),
(920, '30390', 'ARAMON', 'FRANCE'),
(921, '01110', 'ARANC', 'FRANCE'),
(922, '64300', 'ARANCE', 'FRANCE'),
(923, '64270', 'ARANCOU', 'FRANCE'),
(924, '01230', 'ARANDAS', 'FRANCE'),
(925, '38510', 'ARANDON', 'FRANCE'),
(926, '98764', 'ARATIKA', 'FRANCE'),
(927, '64190', 'ARAUJUZON', 'FRANCE'),
(928, '43200', 'ARAULES', 'FRANCE'),
(929, '64190', 'ARAUX', 'FRANCE'),
(930, '33640', 'ARBANATS', 'FRANCE'),
(931, '31160', 'ARBAS', 'FRANCE'),
(932, '70160', 'ARBECEY', 'FRANCE'),
(933, '20110', 'ARBELLARA', 'FRANCE'),
(934, '01100', 'ARBENT', 'FRANCE'),
(935, '65560', 'ARBEOST', 'FRANCE'),
(936, '64120', 'ARBERATS SILLEGUE', 'FRANCE'),
(937, '01300', 'ARBIGNIEU', 'FRANCE'),
(938, '01190', 'ARBIGNY', 'FRANCE'),
(939, '52500', 'ARBIGNY SOUS VARENNES', 'FRANCE'),
(940, '73800', 'ARBIN', 'FRANCE'),
(941, '33760', 'ARBIS', 'FRANCE'),
(942, '32720', 'ARBLADE LE BAS', 'FRANCE'),
(943, '32110', 'ARBLADE LE HAUT', 'FRANCE'),
(944, '39600', 'ARBOIS', 'FRANCE'),
(945, '31160', 'ARBON', 'FRANCE'),
(946, '64210', 'ARBONNE', 'FRANCE'),
(947, '77630', 'ARBONNE LA FORET', 'FRANCE'),
(948, '34150', 'ARBORAS', 'FRANCE'),
(949, '20160', 'ARBORI', 'FRANCE'),
(950, '52160', 'ARBOT', 'FRANCE'),
(951, '25400', 'ARBOUANS', 'FRANCE'),
(952, '40320', 'ARBOUCAVE', 'FRANCE'),
(953, '64120', 'ARBOUET SUSSAUTE', 'FRANCE'),
(954, '58350', 'ARBOURSE', 'FRANCE'),
(955, '66320', 'ARBOUSSOLS', 'FRANCE'),
(956, '35130', 'ARBRISSEL', 'FRANCE'),
(957, '69460', 'ARBUISSONNAS', 'FRANCE'),
(958, '64230', 'ARBUS', 'FRANCE'),
(959, '74930', 'ARBUSIGNY', 'FRANCE'),
(960, '52210', 'ARC EN BARROIS', 'FRANCE'),
(961, '25610', 'ARC ET SENANS', 'FRANCE'),
(962, '70100', 'ARC LES GRAY', 'FRANCE'),
(963, '25520', 'ARC SOUS CICON', 'FRANCE'),
(964, '25270', 'ARC SOUS MONTENOT', 'FRANCE'),
(965, '21560', 'ARC SUR TILLE', 'FRANCE'),
(966, '33120', 'ARCACHON', 'FRANCE'),
(967, '79210', 'ARCAIS', 'FRANCE'),
(968, '46090', 'ARCAMBAL', 'FRANCE'),
(969, '64200', 'ARCANGUES', 'FRANCE'),
(970, '18340', 'ARCAY', 'FRANCE'),
(971, '86200', 'ARCAY', 'FRANCE'),
(972, '21310', 'ARCEAU', 'FRANCE'),
(973, '21700', 'ARCENANT', 'FRANCE'),
(974, '07310', 'ARCENS', 'FRANCE'),
(975, '17120', 'ARCES', 'FRANCE'),
(976, '89320', 'ARCES DILO', 'FRANCE'),
(977, '25750', 'ARCEY', 'FRANCE'),
(978, '21410', 'ARCEY', 'FRANCE'),
(979, '04420', 'ARCHAIL', 'FRANCE'),
(980, '74160', 'ARCHAMPS', 'FRANCE'),
(981, '39290', 'ARCHELANGE', 'FRANCE'),
(982, '15200', 'ARCHES', 'FRANCE'),
(983, '88380', 'ARCHES', 'FRANCE'),
(984, '88380', 'ARCHETTES', 'FRANCE'),
(985, '17520', 'ARCHIAC', 'FRANCE'),
(986, '24590', 'ARCHIGNAC', 'FRANCE'),
(987, '03380', 'ARCHIGNAT', 'FRANCE'),
(988, '86210', 'ARCHIGNY', 'FRANCE'),
(989, '17380', 'ARCHINGEAY', 'FRANCE'),
(990, '02360', 'ARCHON', 'FRANCE'),
(991, '25220', 'ARCIER', 'FRANCE'),
(992, '74270', 'ARCINE', 'FRANCE'),
(993, '42460', 'ARCINGES', 'FRANCE'),
(994, '33460', 'ARCINS', 'FRANCE'),
(995, '51170', 'ARCIS LE PONSART', 'FRANCE'),
(996, '10700', 'ARCIS SUR AUBE', 'FRANCE'),
(997, '65360', 'ARCIZAC ADOUR', 'FRANCE'),
(998, '65100', 'ARCIZAC EZ ANGLES', 'FRANCE'),
(999, '65400', 'ARCIZANS AVANT', 'FRANCE'),
(1000, '65400', 'ARCIZANS DESSUS', 'FRANCE'),
(1001, '48200', 'ARCOMIE', 'FRANCE'),
(1002, '18200', 'ARCOMPS', 'FRANCE'),
(1003, '42370', 'ARCON', 'FRANCE'),
(1004, '25300', 'ARCON', 'FRANCE'),
(1005, '21320', 'ARCONCEY', 'FRANCE'),
(1006, '72610', 'ARCONNAY', 'FRANCE'),
(1007, '63250', 'ARCONSAT', 'FRANCE'),
(1008, '10200', 'ARCONVILLE', 'FRANCE'),
(1009, '94110', 'ARCUEIL', 'FRANCE'),
(1010, '02130', 'ARCY SAINTE RESTITUE', 'FRANCE'),
(1011, '89270', 'ARCY SUR CURE', 'FRANCE'),
(1012, '28170', 'ARDELLES', 'FRANCE'),
(1013, '28700', 'ARDELU', 'FRANCE'),
(1014, '18170', 'ARDENAIS', 'FRANCE'),
(1015, '72370', 'ARDENAY SUR MERIZE', 'FRANCE'),
(1016, '65240', 'ARDENGOST', 'FRANCE'),
(1017, '36120', 'ARDENTES', 'FRANCE'),
(1018, '63420', 'ARDES', 'FRANCE'),
(1019, '08400', 'ARDEUIL ET MONTFAUXELLES', 'FRANCE'),
(1020, '50170', 'ARDEVON', 'FRANCE'),
(1021, '31210', 'ARDIEGE', 'FRANCE'),
(1022, '79110', 'ARDILLEUX', 'FRANCE'),
(1023, '17290', 'ARDILLIERES', 'FRANCE'),
(1024, '79160', 'ARDIN', 'FRANCE'),
(1025, '32430', 'ARDIZAS', 'FRANCE'),
(1026, '07290', 'ARDOIX', 'FRANCE'),
(1027, '45160', 'ARDON', 'FRANCE'),
(1028, '39300', 'ARDON', 'FRANCE'),
(1029, '76680', 'ARDOUVAL', 'FRANCE'),
(1030, '62610', 'ARDRES', 'FRANCE'),
(1031, '73270', 'ARECHES', 'FRANCE'),
(1032, '20220', 'AREGNO', 'FRANCE'),
(1033, '41100', 'AREINES', 'FRANCE'),
(1034, '59135', 'AREMBERG', 'FRANCE'),
(1035, '64400', 'AREN', 'FRANCE'),
(1036, '40110', 'ARENGOSSE', 'FRANCE'),
(1037, '74800', 'ARENTHON', 'FRANCE'),
(1038, '33740', 'ARES', 'FRANCE'),
(1039, '39110', 'ARESCHES', 'FRANCE'),
(1040, '64320', 'ARESSY', 'FRANCE'),
(1041, '64570', 'ARETTE', 'FRANCE'),
(1042, '23700', 'ARFEUILLE CHATAIN', 'FRANCE'),
(1043, '03640', 'ARFEUILLES', 'FRANCE'),
(1044, '81110', 'ARFONS', 'FRANCE'),
(1045, '64300', 'ARGAGNON', 'FRANCE'),
(1046, '14400', 'ARGANCHY', 'FRANCE'),
(1047, '10140', 'ARGANCON', 'FRANCE'),
(1048, '57640', 'ARGANCY', 'FRANCE'),
(1049, '09800', 'ARGEIN', 'FRANCE'),
(1050, '65200', 'ARGELES', 'FRANCE'),
(1051, '65400', 'ARGELES GAZOST', 'FRANCE'),
(1052, '66700', 'ARGELES PLAGE', 'FRANCE'),
(1053, '66700', 'ARGELES SUR MER', 'FRANCE'),
(1054, '11120', 'ARGELIERS', 'FRANCE'),
(1055, '34380', 'ARGELLIERS', 'FRANCE'),
(1056, '40700', 'ARGELOS', 'FRANCE'),
(1057, '64450', 'ARGELOS', 'FRANCE'),
(1058, '40430', 'ARGELOUSE', 'FRANCE'),
(1059, '14370', 'ARGENCES', 'FRANCE'),
(1060, '04170', 'ARGENS', 'FRANCE'),
(1061, '11200', 'ARGENS MINERVOIS', 'FRANCE'),
(1062, '18410', 'ARGENT SUR SAULDRE', 'FRANCE'),
(1063, '61200', 'ARGENTAN', 'FRANCE'),
(1064, '19400', 'ARGENTAT', 'FRANCE'),
(1065, '20260', 'ARGENTELLA', 'FRANCE'),
(1066, '89160', 'ARGENTENAY', 'FRANCE'),
(1067, '95100', 'ARGENTEUIL', 'FRANCE'),
(1068, '89160', 'ARGENTEUIL SUR ARMANCON', 'FRANCE'),
(1069, '74400', 'ARGENTIERE', 'FRANCE'),
(1070, '77390', 'ARGENTIERES', 'FRANCE'),
(1071, '73220', 'ARGENTINE', 'FRANCE'),
(1072, '52330', 'ARGENTOLLES', 'FRANCE'),
(1073, '10150', 'ARGENTOLLES', 'FRANCE'),
(1074, '47250', 'ARGENTON', 'FRANCE'),
(1075, '79150', 'ARGENTON CHATEAU', 'FRANCE'),
(1076, '79290', 'ARGENTON L EGLISE', 'FRANCE'),
(1077, '53290', 'ARGENTON NOTRE DAME', 'FRANCE'),
(1078, '36200', 'ARGENTON SUR CREUSE', 'FRANCE'),
(1079, '53210', 'ARGENTRE', 'FRANCE'),
(1080, '35370', 'ARGENTRE DU PLESSIS', 'FRANCE'),
(1081, '18140', 'ARGENVIERES', 'FRANCE'),
(1082, '28420', 'ARGENVILLIERS', 'FRANCE'),
(1083, '51800', 'ARGERS', 'FRANCE'),
(1084, '64410', 'ARGET', 'FRANCE'),
(1085, '90800', 'ARGIESANS', 'FRANCE'),
(1086, '70600', 'ARGILLIERES', 'FRANCE'),
(1087, '30210', 'ARGILLIERS', 'FRANCE'),
(1088, '21700', 'ARGILLY', 'FRANCE'),
(1089, '01230', 'ARGIS', 'FRANCE'),
(1090, '20140', 'ARGIUSTA MORICCIO', 'FRANCE'),
(1091, '80730', 'ARGOEUVES', 'FRANCE'),
(1092, '29560', 'ARGOL', 'FRANCE'),
(1093, '74370', 'ARGONAY', 'FRANCE'),
(1094, '50240', 'ARGOUGES', 'FRANCE'),
(1095, '80120', 'ARGOULES', 'FRANCE'),
(1096, '76780', 'ARGUEIL', 'FRANCE'),
(1097, '80140', 'ARGUEL', 'FRANCE'),
(1098, '25720', 'ARGUEL', 'FRANCE'),
(1099, '31160', 'ARGUENOS', 'FRANCE'),
(1100, '31440', 'ARGUT DESSOUS', 'FRANCE'),
(1101, '31440', 'ARGUT DESSUS', 'FRANCE'),
(1102, '36500', 'ARGY', 'FRANCE'),
(1103, '64120', 'ARHANSUS', 'FRANCE'),
(1104, '65230', 'ARIES ESPENAN', 'FRANCE'),
(1105, '81360', 'ARIFAT', 'FRANCE'),
(1106, '09400', 'ARIGNAC', 'FRANCE'),
(1107, '39240', 'ARINTHOD', 'FRANCE'),
(1108, '73340', 'ARITH', 'FRANCE'),
(1109, '40110', 'ARJUZANX', 'FRANCE'),
(1110, '63220', 'ARLANC', 'FRANCE'),
(1111, '39140', 'ARLAY', 'FRANCE'),
(1112, '07410', 'ARLEBOSC', 'FRANCE'),
(1113, '43490', 'ARLEMPDES', 'FRANCE'),
(1114, '13200', 'ARLES', 'FRANCE'),
(1115, '66150', 'ARLES SUR TECH', 'FRANCE'),
(1116, '43380', 'ARLET', 'FRANCE'),
(1117, '58430', 'ARLEUF', 'FRANCE'),
(1118, '59151', 'ARLEUX', 'FRANCE'),
(1119, '62580', 'ARLEUX EN GOHELLE', 'FRANCE'),
(1120, '31440', 'ARLOS', 'FRANCE'),
(1121, '49420', 'ARMAILLE', 'FRANCE'),
(1122, '80700', 'ARMANCOURT', 'FRANCE'),
(1123, '60880', 'ARMANCOURT', 'FRANCE'),
(1124, '54760', 'ARMAUCOURT', 'FRANCE'),
(1125, '59380', 'ARMBOUTS CAPPEL', 'FRANCE'),
(1126, '89500', 'ARMEAU', 'FRANCE'),
(1127, '64640', 'ARMENDARITS', 'FRANCE'),
(1128, '28320', 'ARMENONVILLE LES GATINEAU', 'FRANCE'),
(1129, '65510', 'ARMENTEULE', 'FRANCE'),
(1130, '59280', 'ARMENTIERES', 'FRANCE'),
(1131, '77440', 'ARMENTIERES EN BRIE', 'FRANCE'),
(1132, '27820', 'ARMENTIERES SUR AVRE', 'FRANCE'),
(1133, '02210', 'ARMENTIERES SUR OURCQ', 'FRANCE'),
(1134, '32230', 'ARMENTIEUX', 'FRANCE'),
(1135, '58500', 'ARMES', 'FRANCE'),
(1136, '47800', 'ARMILLAC', 'FRANCE'),
(1137, '11110', 'ARMISSAN', 'FRANCE'),
(1138, '01510', 'ARMIX', 'FRANCE'),
(1139, '32230', 'ARMOUS ET CAU', 'FRANCE'),
(1140, '74200', 'ARMOY', 'FRANCE'),
(1141, '15150', 'ARNAC', 'FRANCE'),
(1142, '87160', 'ARNAC LA POSTE', 'FRANCE'),
(1143, '19230', 'ARNAC POMPADOUR', 'FRANCE'),
(1144, '12360', 'ARNAC SUR DOURDOU', 'FRANCE'),
(1145, '72230', 'ARNAGE', 'FRANCE'),
(1146, '52110', 'ARNANCOURT', 'FRANCE'),
(1147, '69400', 'ARNAS', 'FRANCE'),
(1148, '31360', 'ARNAUD GUILHEM', 'FRANCE'),
(1149, '09400', 'ARNAVE', 'FRANCE'),
(1150, '54530', 'ARNAVILLE', 'FRANCE'),
(1151, '21230', 'ARNAY LE DUC', 'FRANCE'),
(1152, '21350', 'ARNAY SOUS VITTEAUX', 'FRANCE'),
(1153, '26470', 'ARNAYON', 'FRANCE'),
(1154, '65670', 'ARNE', 'FRANCE'),
(1155, '64220', 'ARNEGUY', 'FRANCE'),
(1156, '59285', 'ARNEKE', 'FRANCE'),
(1157, '08300', 'ARNICOURT', 'FRANCE'),
(1158, '27180', 'ARNIERES SUR ITON', 'FRANCE'),
(1159, '52400', 'ARNONCOURT SUR APANCE', 'FRANCE'),
(1160, '64370', 'ARNOS', 'FRANCE'),
(1161, '95400', 'ARNOUVILLE LES GONESSE', 'FRANCE'),
(1162, '78790', 'ARNOUVILLE LES MANTES', 'FRANCE'),
(1163, '88170', 'AROFFE', 'FRANCE'),
(1164, '39240', 'AROMAS', 'FRANCE'),
(1165, '53440', 'ARON', 'FRANCE'),
(1166, '64120', 'AROUE ITHORROTS OLHAIBY', 'FRANCE'),
(1167, '70360', 'AROZ', 'FRANCE'),
(1168, '30700', 'ARPAILLARGUES ET AUREILLA', 'FRANCE'),
(1169, '91290', 'ARPAJON', 'FRANCE'),
(1170, '15130', 'ARPAJON SUR CERE', 'FRANCE'),
(1171, '26110', 'ARPAVON', 'FRANCE'),
(1172, '70200', 'ARPENANS', 'FRANCE'),
(1173, '18200', 'ARPHEUILLES', 'FRANCE'),
(1174, '36700', 'ARPHEUILLES', 'FRANCE'),
(1175, '03420', 'ARPHEUILLES SAINT PRIEST', 'FRANCE'),
(1176, '30120', 'ARPHY', 'FRANCE'),
(1177, '53170', 'ARQUENAY', 'FRANCE'),
(1178, '12290', 'ARQUES', 'FRANCE'),
(1179, '11190', 'ARQUES', 'FRANCE'),
(1180, '62510', 'ARQUES', 'FRANCE'),
(1181, '76880', 'ARQUES LA BATAILLE', 'FRANCE'),
(1182, '11220', 'ARQUETTES EN VAL', 'FRANCE'),
(1183, '80560', 'ARQUEVES', 'FRANCE'),
(1184, '58310', 'ARQUIAN', 'FRANCE'),
(1185, '45500', 'ARRABLOY', 'FRANCE'),
(1186, '54370', 'ARRACOURT', 'FRANCE'),
(1187, '56610', 'ARRADON', 'FRANCE'),
(1188, '57380', 'ARRAINCOURT', 'FRANCE'),
(1189, '91690', 'ARRANCOURT', 'FRANCE'),
(1190, '02860', 'ARRANCY', 'FRANCE'),
(1191, '55230', 'ARRANCY SUR CRUSNE', 'FRANCE'),
(1192, '21500', 'ARRANS', 'FRANCE'),
(1193, '62000', 'ARRAS', 'FRANCE'),
(1194, '65400', 'ARRAS EN LAVEDAN', 'FRANCE'),
(1195, '07370', 'ARRAS SUR RHONE', 'FRANCE'),
(1196, '64130', 'ARRAST LARREBIEU', 'FRANCE'),
(1197, '64120', 'ARRAUTE CHARRITTE', 'FRANCE'),
(1198, '54760', 'ARRAYE ET HAN', 'FRANCE'),
(1199, '30120', 'ARRE', 'FRANCE'),
(1200, '65240', 'ARREAU', 'FRANCE'),
(1201, '10340', 'ARRELLES', 'FRANCE'),
(1202, '10330', 'ARREMBECOURT', 'FRANCE'),
(1203, '23210', 'ARRENES', 'FRANCE'),
(1204, '65400', 'ARRENS MARSOUS', 'FRANCE'),
(1205, '88430', 'ARRENTES DE CORCIEUX', 'FRANCE'),
(1206, '10200', 'ARRENTIERES', 'FRANCE'),
(1207, '80820', 'ARREST', 'FRANCE'),
(1208, '08090', 'ARREUX', 'FRANCE'),
(1209, '57580', 'ARRIANCE', 'FRANCE'),
(1210, '64350', 'ARRICAU BORDES', 'FRANCE'),
(1211, '64420', 'ARRIEN', 'FRANCE'),
(1212, '09800', 'ARRIEN EN BETHMALE', 'FRANCE'),
(1213, '30770', 'ARRIGAS', 'FRANCE'),
(1214, '51290', 'ARRIGNY', 'FRANCE'),
(1215, '20151', 'ARRO', 'FRANCE'),
(1216, '65130', 'ARRODETS', 'FRANCE'),
(1217, '65100', 'ARRODETS EZ ANGLES', 'FRANCE'),
(1218, '14117', 'ARROMANCHES LES BAINS', 'FRANCE'),
(1219, '03250', 'ARRONNES', 'FRANCE'),
(1220, '95810', 'ARRONVILLE', 'FRANCE'),
(1221, '64800', 'ARROS', 'FRANCE'),
(1222, '64660', 'ARROS D OLORON', 'FRANCE'),
(1223, '64350', 'ARROSES', 'FRANCE'),
(1224, '28290', 'ARROU', 'FRANCE'),
(1225, '32140', 'ARROUEDE', 'FRANCE'),
(1226, '09800', 'ARROUT', 'FRANCE'),
(1227, '80120', 'ARRY', 'FRANCE'),
(1228, '57680', 'ARRY', 'FRANCE'),
(1229, '16130', 'ARS', 'FRANCE'),
(1230, '23480', 'ARS', 'FRANCE'),
(1231, '17590', 'ARS EN RE', 'FRANCE'),
(1232, '57530', 'ARS LAQUENEXY', 'FRANCE'),
(1233, '63700', 'ARS LES FAVETS', 'FRANCE'),
(1234, '01480', 'ARS SUR FORMANS', 'FRANCE'),
(1235, '57130', 'ARS SUR MOSELLE', 'FRANCE'),
(1236, '33460', 'ARSAC', 'FRANCE'),
(1237, '43700', 'ARSAC EN VELAY', 'FRANCE'),
(1238, '40330', 'ARSAGUE', 'FRANCE'),
(1239, '70100', 'ARSANS', 'FRANCE'),
(1240, '10200', 'ARSONVAL', 'FRANCE'),
(1241, '39250', 'ARSURE ARSURETTE', 'FRANCE'),
(1242, '60190', 'ARSY', 'FRANCE'),
(1243, '54510', 'ART SUR MEURTHE', 'FRANCE'),
(1244, '65500', 'ARTAGNAN', 'FRANCE'),
(1245, '08390', 'ARTAISE LE VIVIER', 'FRANCE'),
(1246, '71110', 'ARTAIX', 'FRANCE'),
(1247, '65400', 'ARTALENS SOUIN', 'FRANCE'),
(1248, '37260', 'ARTANNES SUR INDRE', 'FRANCE'),
(1249, '49260', 'ARTANNES SUR THOUET', 'FRANCE'),
(1250, '38440', 'ARTAS', 'FRANCE'),
(1251, '40090', 'ARTASSENX', 'FRANCE'),
(1252, '01510', 'ARTEMARE', 'FRANCE'),
(1253, '02480', 'ARTEMPS', 'FRANCE'),
(1254, '45410', 'ARTENAY', 'FRANCE'),
(1255, '74380', 'ARTHAZ PONT NOTRE DAME', 'FRANCE'),
(1256, '58700', 'ARTHEL', 'FRANCE'),
(1257, '26260', 'ARTHEMONAY', 'FRANCE'),
(1258, '17520', 'ARTHENAC', 'FRANCE'),
(1259, '39270', 'ARTHENAS', 'FRANCE'),
(1260, '81160', 'ARTHES', 'FRANCE'),
(1261, '40190', 'ARTHEZ D ARMAGNAC', 'FRANCE'),
(1262, '64800', 'ARTHEZ D ASSON', 'FRANCE'),
(1263, '64370', 'ARTHEZ DE BEARN', 'FRANCE'),
(1264, '72270', 'ARTHEZE', 'FRANCE'),
(1265, '95420', 'ARTHIES', 'FRANCE'),
(1266, '36330', 'ARTHON', 'FRANCE'),
(1267, '44320', 'ARTHON EN RETZ', 'FRANCE'),
(1268, '89740', 'ARTHONNAY', 'FRANCE'),
(1269, '42130', 'ARTHUN', 'FRANCE'),
(1270, '09130', 'ARTIGAT', 'FRANCE'),
(1271, '83630', 'ARTIGNOSC SUR VERDON', 'FRANCE'),
(1272, '31110', 'ARTIGUE', 'FRANCE'),
(1273, '32260', 'ARTIGUEDIEU', 'FRANCE'),
(1274, '64420', 'ARTIGUELOUTAN', 'FRANCE'),
(1275, '64230', 'ARTIGUELOUVE', 'FRANCE'),
(1276, '65130', 'ARTIGUEMY', 'FRANCE'),
(1277, '11140', 'ARTIGUES', 'FRANCE'),
(1278, '09460', 'ARTIGUES', 'FRANCE'),
(1279, '65100', 'ARTIGUES', 'FRANCE'),
(1280, '83560', 'ARTIGUES', 'FRANCE'),
(1281, '65710', 'ARTIGUES CAMPAN', 'FRANCE'),
(1282, '33370', 'ARTIGUES PRES BORDEAUX', 'FRANCE'),
(1283, '41800', 'ARTINS', 'FRANCE'),
(1284, '09120', 'ARTIX', 'FRANCE'),
(1285, '64170', 'ARTIX', 'FRANCE'),
(1286, '67390', 'ARTOLSHEIM', 'FRANCE'),
(1287, '02330', 'ARTONGES', 'FRANCE'),
(1288, '63460', 'ARTONNE', 'FRANCE'),
(1289, '59269', 'ARTRES', 'FRANCE'),
(1290, '68320', 'ARTZENHEIM', 'FRANCE'),
(1291, '64260', 'ARUDY', 'FRANCE'),
(1292, '98701', 'ARUE', 'FRANCE'),
(1293, '40120', 'ARUE', 'FRANCE'),
(1294, '98761', 'ARUTUA', 'FRANCE'),
(1295, '43360', 'ARVANT', 'FRANCE'),
(1296, '17530', 'ARVERT', 'FRANCE'),
(1297, '33500', 'ARVEYRES', 'FRANCE'),
(1298, '12120', 'ARVIEU', 'FRANCE'),
(1299, '05350', 'ARVIEUX', 'FRANCE'),
(1300, '09100', 'ARVIGNA', 'FRANCE'),
(1301, '73110', 'ARVILLARD', 'FRANCE'),
(1302, '41170', 'ARVILLE', 'FRANCE'),
(1303, '77890', 'ARVILLE', 'FRANCE'),
(1304, '80910', 'ARVILLERS', 'FRANCE'),
(1305, '40310', 'ARX', 'FRANCE'),
(1306, '64410', 'ARZACQ ARRAZIGUET', 'FRANCE'),
(1307, '56190', 'ARZAL', 'FRANCE'),
(1308, '29300', 'ARZANO', 'FRANCE'),
(1309, '38260', 'ARZAY', 'FRANCE'),
(1310, '58700', 'ARZEMBOUY', 'FRANCE'),
(1311, '48310', 'ARZENC D APCHER', 'FRANCE'),
(1312, '48170', 'ARZENC DE RANDON', 'FRANCE'),
(1313, '11290', 'ARZENS', 'FRANCE'),
(1314, '51290', 'ARZILLIERES NEUVILLE', 'FRANCE'),
(1315, '56640', 'ARZON', 'FRANCE'),
(1316, '57400', 'ARZVILLER', 'FRANCE'),
(1317, '64660', 'ASASP ARROS', 'FRANCE'),
(1318, '64310', 'ASCAIN', 'FRANCE'),
(1319, '64220', 'ASCARAT', 'FRANCE'),
(1320, '67250', 'ASCHBACH', 'FRANCE');

/*!40101 SET CHARACTER_SET_CLIENT=@OLD_CHARACTER_SET_CLIENT */;
/*!40101 SET CHARACTER_SET_RESULTS=@OLD_CHARACTER_SET_RESULTS */;
/*!40101 SET COLLATION_CONNECTION=@OLD_COLLATION_CONNECTION */;
